604, 1500, 1608, 1500, 1500, 1500, 1500, 1500, 1500, 1500, 1500, 1500, 1500, 1500, 1500, 1536, 1630, 1500, 1500
652, 1512, 1609, 1513, 1509, 1520, 1523, 1523, 1512, 1529, 1509, 1515, 1510, 1523, 1521, 1537, 1629, 1522, 1509
700, 1524, 1610, 1526, 1519, 1540, 1546, 1545, 1524, 1558, 1519, 1530, 1521, 1545, 1542, 1538, 1629, 1543, 1519
748, 1537, 1611, 1539, 1529, 1559, 1567, 1567, 1536, 1584, 1529, 1545, 1531, 1566, 1562, 1539, 1628, 1564, 1528
797, 1549, 1612, 1551, 1539, 1577, 1587, 1586, 1548, 1606, 1539, 1559, 1541, 1586, 1580, 1540, 1628, 1583, 1537
846, 1560, 1613, 1563, 1548, 1593, 1604, 1603, 1559, 1623, 1548, 1573, 1551, 1603, 1597, 1541, 1627, 1600, 1546
894, 1571, 1614, 1575, 1557, 1608, 1618, 1618, 1570, 1634, 1557, 1586, 1561, 1617, 1611, 1542, 1626, 1614, 1555
942, 1582, 1615, 1586, 1566, 1619, 1629, 1628, 1581, 1639, 1566, 1597, 1570, 1628, 1623, 1543, 1626, 1625, 1564
990, 1591, 1616, 1596, 1575, 1629, 1636, 1636, 1591, 1638, 1574, 1608, 1579, 1635, 1632, 1545, 1625, 1633, 1572
1038, 1600, 1617, 1605, 1583, 1635, 1639, 1639, 1600, 1630, 1583, 1617, 1587, 1639, 1637, 1546, 1624, 1638, 1580
1087, 1609, 1618, 1613, 1591, 1639, 1639, 1639, 1608, 1617, 1590, 1624, 1595, 1639, 1639, 1547, 1624, 1639, 1588
1135, 1616, 1619, 1620, 1598, 1639, 1634, 1634, 1615, 1598, 1598, 1631, 1603, 1635, 1638, 1548, 1623, 1637, 1595
1183, 1623, 1619, 1626, 1605, 1637, 1626, 1626, 1622, 1574, 1604, 1635, 1610, 1627, 1634, 1549, 1622, 1632, 1602
1233, 1628, 1620, 1631, 1611, 1631, 1614, 1615, 1627, 1547, 1611, 1638, 1616, 1616, 1627, 1550, 1622, 1622, 1608
1281, 1633, 1621, 1635, 1617, 1623, 1598, 1600, 1632, 1518, 1616, 1639, 1621, 1601, 1616, 1551, 1621, 1610, 1614
1329, 1636, 1622, 1638, 1622, 1612, 1580, 1582, 1635, 1488, 1622, 1639, 1626, 1584, 1603, 1552, 1620, 1595, 1619
1378, 1638, 1623, 1639, 1626, 1599, 1560, 1562, 1638, 1458, 1626, 1637, 1630, 1564, 1587, 1553, 1620, 1578, 1624
1426, 1639, 1624, 1639, 1630, 1583, 1538, 1541, 1639, 1431, 1630, 1633, 1634, 1543, 1570, 1554, 1619, 1559, 1628
1474, 1639, 1624, 1638, 1633, 1566, 1515, 1518, 1639, 1406, 1633, 1628, 1636, 1520, 1550, 1555, 1618, 1538, 1632
1523, 1638, 1625, 1636, 1636, 1547, 1491, 1495, 1639, 1386, 1636, 1621, 1638, 1497, 1530, 1556, 1617, 1516, 1634
1572, 1636, 1626, 1632, 1638, 1527, 1468, 1471, 1637, 1371, 1638, 1612, 1639, 1474, 1508, 1557, 1617, 1494, 1637
1621, 1633, 1627, 1628, 1639, 1507, 1446, 1449, 1634, 1362, 1639, 1602, 1639, 1452, 1487, 1558, 1616, 1472, 1638
1669, 1629, 1627, 1622, 1639, 1486, 1425, 1428, 1630, 1360, 1639, 1591, 1639, 1431, 1466, 1559, 1615, 1450, 1639
1717, 1623, 1628, 1615, 1639, 1466, 1406, 1409, 1625, 1363, 1639, 1579, 1638, 1411, 1445, 1560, 1614, 1430, 1639
1766, 1617, 1629, 1607, 1638, 1447, 1390, 1392, 1619, 1373, 1638, 1566, 1636, 1395, 1426, 1561, 1613, 1412, 1639
1814, 1609, 1629, 1598, 1637, 1428, 1377, 1379, 1612, 1389, 1637, 1552, 1633, 1381, 1409, 1561, 1613, 1395, 1638
1862, 1601, 1630, 1588, 1634, 1411, 1367, 1369, 1604, 1410, 1635, 1537, 1629, 1370, 1393, 1562, 1612, 1382, 1636
1912, 1592, 1630, 1577, 1631, 1396, 1361, 1362, 1595, 1435, 1632, 1522, 1625, 1363, 1381, 1563, 1611, 1371, 1634
1960, 1582, 1631, 1566, 1628, 1384, 1360, 1360, 1586, 1463, 1628, 1507, 1620, 1360, 1371, 1564, 1610, 1364, 1631
2008, 1572, 1632, 1554, 1623, 1373, 1362, 1361, 1576, 1500, 1624, 1491, 1614, 1360, 1364, 1565, 1609, 1360, 1628
2057, 1561, 1632, 1542, 1618, 1366, 1368, 1366, 1565, 1509, 1619, 1476, 1607, 1365, 1360, 1566, 1608, 1360, 1624
2105, 1550, 1633, 1529, 1613, 1361, 1377, 1375, 1554, 1518, 1614, 1461, 1600, 1373, 1360, 1567, 1607, 1363, 1619
2153, 1538, 1633, 1516, 1607, 1360, 1390, 1387, 1542, 1528, 1608, 1446, 1593, 1384, 1363, 1568, 1606, 1370, 1613
2202, 1526, 1634, 1502, 1600, 1361, 1407, 1403, 1530, 1537, 1601, 1432, 1585, 1399, 1369, 1569, 1605, 1379, 1608
2250, 1513, 1634, 1489, 1593, 1365, 1426, 1421, 1518, 1546, 1594, 1419, 1576, 1417, 1378, 1570, 1605, 1392, 1601
2300, 1501, 1635, 1476, 1585, 1373, 1447, 1441, 1506, 1555, 1587, 1407, 1567, 1437, 1390, 1571, 1604, 1408, 1595
2348, 1488, 1635, 1463, 1577, 1383, 1469, 1463, 1493, 1563, 1579, 1396, 1558, 1458, 1405, 1572, 1603, 1426, 1587
2396, 1476, 1635, 1451, 1569, 1395, 1500, 1500, 1481, 1572, 1570, 1386, 1548, 1500, 1422, 1573, 1602, 1446, 1580
2445, 1463, 1636, 1438, 1560, 1410, 1511, 1515, 1469, 1580, 1562, 1378, 1538, 1515, 1441, 1574, 1601, 1467, 1572
2493, 1451, 1636, 1427, 1551, 1427, 1523, 1530, 1457, 1587, 1553, 1371, 1528, 1530, 1461, 1575, 1600, 1500, 1563
2541, 1440, 1637, 1416, 1542, 1445, 1534, 1544, 1445, 1594, 1543, 1366, 1517, 1545, 1500, 1576, 1599, 1512, 1555
2590, 1429, 1637, 1406, 1532, 1464, 1545, 1558, 1434, 1601, 1534, 1362, 1507, 1560, 1517, 1576, 1598, 1524, 1546
2639, 1418, 1637, 1396, 1522, 1500, 1556, 1571, 1423, 1607, 1524, 1360, 1496, 1573, 1535, 1577, 1597, 1536, 1536
2687, 1408, 1637, 1388, 1512, 1514, 1566, 1584, 1413, 1613, 1514, 1360, 1486, 1586, 1552, 1578, 1596, 1548, 1527
2736, 1399, 1638, 1380, 1502, 1528, 1576, 1596, 1404, 1619, 1504, 1361, 1475, 1598, 1568, 1579, 1595, 1560, 1518
2784, 1391, 1638, 1374, 1493, 1542, 1585, 1606, 1395, 1623, 1495, 1364, 1465, 1608, 1583, 1580, 1594, 1571, 1508
2832, 1383, 1638, 1369, 1483, 1556, 1594, 1615, 1387, 1627, 1485, 1369, 1455, 1617, 1596, 1581, 1592, 1581, 1499
2881, 1377, 1638, 1365, 1473, 1568, 1602, 1623, 1380, 1631, 1475, 1375, 1445, 1625, 1608, 1582, 1591, 1591, 1489
2929, 1371, 1639, 1362, 1463, 1581, 1610, 1629, 1374, 1634, 1465, 1383, 1435, 1631, 1618, 1583, 1590, 1600, 1479
2978, 1367, 1639, 1360, 1454, 1592, 1617, 1634, 1369, 1636, 1456, 1392, 1426, 1635, 1627, 1584, 1589, 1608, 1470
3027, 1363, 1639, 1360, 1444, 1602, 1623, 1638, 1365, 1638, 1446, 1402, 1417, 1638, 1633, 1584, 1588, 1616, 1461
3075, 1361, 1639, 1360, 1435, 1611, 1628, 1639, 1362, 1639, 1437, 1414, 1409, 1639, 1637, 1585, 1587, 1622, 1452
3123, 1360, 1639, 1362, 1427, 1620, 1632, 1639, 1360, 1639, 1429, 1427, 1401, 1639, 1639, 1586, 1586, 1628, 1443
3172, 1360, 1639, 1366, 1419, 1626, 1635, 1638, 1360, 1639, 1420, 1440, 1394, 1637, 1639, 1587, 1585, 1632, 1434
3220, 1361, 1639, 1370, 1411, 1632, 1638, 1635, 1360, 1638, 1412, 1455, 1387, 1633, 1637, 1588, 1584, 1636, 1426
3269, 1363, 1639, 1376, 1403, 1636, 1639, 1630, 1361, 1637, 1405, 1470, 1381, 1627, 1632, 1589, 1583, 1638, 1418
3318, 1366, 1639, 1383, 1396, 1638, 1639, 1624, 1364, 1635, 1398, 1500, 1376, 1620, 1625, 1589, 1581, 1639, 1410
3366, 1370, 1639, 1390, 1390, 1639, 1639, 1616, 1367, 1632, 1391, 1509, 1371, 1611, 1616, 1590, 1580, 1639, 1403
3415, 1375, 1639, 1399, 1384, 1639, 1638, 1607, 1372, 1629, 1385, 1518, 1368, 1601, 1605, 1591, 1579, 1638, 1396
3463, 1382, 1639, 1409, 1379, 1637, 1635, 1597, 1377, 1625, 1380, 1527, 1364, 1590, 1593, 1592, 1578, 1636, 1390
3511, 1389, 1639, 1419, 1374, 1634, 1632, 1585, 1384, 1620, 1375, 1536, 1362, 1578, 1579, 1593, 1577, 1633, 1384
3560, 1397, 1639, 1431, 1370, 1629, 1628, 1573, 1391, 1615, 1371, 1545, 1360, 1564, 1563, 1594, 1575, 1629, 1379
3608, 1406, 1639, 1442, 1366, 1623, 1623, 1559, 1399, 1610, 1367, 1553, 1360, 1550, 1547, 1594, 1574, 1624, 1375
3657, 1416, 1639, 1455, 1364, 1616, 1617, 1545, 1408, 1604, 1364, 1562, 1360, 1535, 1530, 1595, 1573, 1618, 1371
3706, 1426, 1639, 1467, 1362, 1607, 1610, 1531, 1418, 1597, 1362, 1570, 1360, 1520, 1513, 1596, 1572, 1610, 1367
3754, 1437, 1639, 1480, 1360, 1597, 1603, 1516, 1429, 1590, 1361, 1578, 1362, 1505, 1495, 1597, 1571, 1602, 1364
3803, 1448, 1639, 1500, 1360, 1586, 1594, 1501, 1440, 1582, 1360, 1585, 1364, 1489, 1477, 1597, 1569, 1593, 1362
3851, 1460, 1639, 1511, 1360, 1575, 1586, 1486, 1451, 1575, 1360, 1592, 1367, 1474, 1460, 1598, 1568, 1584, 1361
3899, 1472, 1638, 1523, 1360, 1562, 1576, 1471, 1463, 1566, 1360, 1599, 1371, 1459, 1443, 1599, 1567, 1574, 1360
3948, 1485, 1638, 1535, 1362, 1549, 1566, 1456, 1475, 1558, 1361, 1605, 1376, 1444, 1427, 1600, 1566, 1563, 1360
3996, 1500, 1638, 1547, 1364, 1535, 1556, 1442, 1487, 1549, 1363, 1611, 1381, 1430, 1413, 1601, 1564, 1551, 1360
4045, 1515, 1638, 1558, 1367, 1521, 1545, 1429, 1500, 1540, 1366, 1616, 1387, 1417, 1400, 1601, 1563, 1540, 1361
4094, 1531, 1637, 1568, 1370, 1507, 1534, 1416, 1513, 1531, 1369, 1621, 1394, 1405, 1388, 1602, 1562, 1528, 1363
4142, 1546, 1637, 1579, 1374, 1492, 1523, 1404, 1526, 1522, 1373, 1625, 1401, 1394, 1378, 1603, 1561, 1515, 1365
4190, 1560, 1637, 1588, 1379, 1478, 1511, 1394, 1539, 1512, 1377, 1629, 1409, 1385, 1370, 1603, 1559, 1503, 1368
4239, 1574, 1636, 1597, 1384, 1464, 1500, 1385, 1552, 1503, 1383, 1632, 1417, 1377, 1364, 1604, 1558, 1490, 1372
4287, 1586, 1636, 1605, 1390, 1450, 1488, 1377, 1564, 1493, 1388, 1635, 1426, 1370, 1361, 1605, 1557, 1478, 1376
4335, 1598, 1636, 1613, 1397, 1437, 1477, 1370, 1576, 1484, 1395, 1637, 1435, 1365, 1360, 1606, 1555, 1466, 1381
4385, 1609, 1635, 1619, 1404, 1424, 1465, 1365, 1587, 1475, 1401, 1638, 1444, 1361, 1360, 1606, 1554, 1454, 1386
4433, 1618, 1635, 1625, 1411, 1413, 1454, 1362, 1597, 1465, 1409, 1639, 1454, 1360, 1364, 1607, 1553, 1442, 1392
4482, 1625, 1634, 1630, 1419, 1402, 1444, 1360, 1606, 1456, 1416, 1639, 1464, 1360, 1369, 1608, 1551, 1431, 1398
4530, 1631, 1634, 1634, 1428, 1392, 1433, 1360, 1614, 1447, 1425, 1639, 1475, 1361, 1376, 1608, 1550, 1420, 1405
4578, 1636, 1633, 1637, 1436, 1383, 1423, 1361, 1622, 1439, 1433, 1638, 1485, 1365, 1386, 1609, 1549, 1410, 1412
4627, 1639, 1633, 1639, 1445, 1376, 1414, 1364, 1628, 1430, 1442, 1636, 1500, 1370, 1397, 1610, 1547, 1401, 1420
4675, 1639, 1632, 1639, 1455, 1370, 1405, 1369, 1632, 1422, 1451, 1634, 1531, 1377, 1410, 1610, 1546, 1393, 1428
4723, 1639, 1632, 1639, 1464, 1365, 1397, 1375, 1636, 1414, 1460, 1632, 1561, 1385, 1424, 1611, 1545, 1385, 1437
4773, 1636, 1631, 1638, 1474, 1362, 1389, 1382, 1638, 1407, 1470, 1628, 1588, 1394, 1440, 1612, 1543, 1378, 1445
4821, 1632, 1631, 1636, 1484, 1360, 1383, 1391, 1639, 1400, 1480, 1624, 1611, 1405, 1456, 1612, 1542, 1373, 1454
4869, 1626, 1630, 1633, 1500, 1360, 1377, 1402, 1639, 1394, 1490, 1620, 1627, 1417, 1473, 1613, 1541, 1368, 1463
4918, 1619, 1629, 1628, 1518, 1361, 1371, 1413, 1638, 1388, 1500, 1615, 1637, 1430, 1500, 1614, 1539, 1364, 1473
4966, 1610, 1629, 1623, 1537, 1363, 1367, 1425, 1635, 1382, 1518, 1609, 1639, 1444, 1511, 1614, 1538, 1361, 1482
5014, 1599, 1628, 1617, 1554, 1367, 1364, 1438, 1631, 1377, 1535, 1603, 1635, 1459, 1522, 1615, 1537, 1360, 1500
5063, 1588, 1627, 1610, 1571, 1373, 1361, 1452, 1626, 1373, 1553, 1597, 1623, 1474, 1533, 1615, 1535, 1360, 1514
5112, 1575, 1627, 1602, 1586, 1379, 1360, 1467, 1619, 1369, 1569, 1590, 1605, 1500, 1543, 1616, 1534, 1360, 1529
5160, 1562, 1626, 1594, 1600, 1388, 1360, 1482, 1612, 1366, 1584, 1583, 1581, 1509, 1554, 1617, 1532, 1362, 1543
5209, 1547, 1625, 1585, 1612, 1397, 1360, 1500, 1603, 1364, 1598, 1575, 1553, 1518, 1564, 1617, 1531, 1365, 1557
5257, 1532, 1625, 1575, 1622, 1407, 1361, 1512, 1593, 1362, 1610, 1567, 1522, 1527, 1574, 1618, 1530, 1369, 1570
5305, 1517, 1624, 1564, 1630, 1418, 1364, 1525, 1583, 1360, 1620, 1559, 1490, 1536, 1583, 1618, 1528, 1374, 1582
5354, 1501, 1623, 1554, 1636, 1431, 1367, 1538, 1572, 1360, 1628, 1551, 1459, 1545, 1592, 1619, 1527, 1380, 1593
5402, 1486, 1622, 1542, 1639, 1443, 1371, 1550, 1560, 1360, 1634, 1542, 1429, 1553, 1600, 1620, 1526, 1387, 1604
5452, 1470, 1621, 1531, 1639, 1457, 1376, 1562, 1548, 1360, 1638, 1533, 1404, 1562, 1607, 1620, 1524, 1394, 1613
5500, 1455, 1621, 1519, 1638, 1471, 1382, 1573, 1535, 1361, 1639, 1524, 1383, 1570, 1614, 1621, 1523, 1403, 1621
5548, 1441, 1620, 1507, 1633, 1485, 1389, 1584, 1522, 1363, 1639, 1515, 1368, 1578, 1620, 1621, 1521, 1413, 1628
5597, 1427, 1619, 1495, 1626, 1500, 1396, 1594, 1508, 1366, 1635, 1506, 1361, 1585, 1625, 1622, 1520, 1423, 1633
5645, 1414, 1618, 1483, 1617, 1511, 1404, 1603, 1495, 1369, 1630, 1497, 1360, 1592, 1630, 1622, 1518, 1433, 1637
5693, 1402, 1617, 1471, 1606, 1522, 1413, 1611, 1481, 1373, 1622, 1488, 1367, 1599, 1634, 1623, 1517, 1445, 1639
5742, 1391, 1616, 1460, 1593, 1533, 1422, 1618, 1468, 1377, 1612, 1478, 1381, 1605, 1636, 1623, 1516, 1456, 1639
5790, 1382, 1615, 1448, 1578, 1543, 1432, 1625, 1455, 1382, 1600, 1469, 1401, 1611, 1638, 1624, 1514, 1468, 1639
5839, 1374, 1614, 1437, 1562, 1554, 1443, 1630, 1443, 1387, 1587, 1460, 1426, 1617, 1639, 1624, 1513, 1481, 1636
5888, 1368, 1613, 1427, 1545, 1564, 1454, 1634, 1431, 1393, 1572, 1452, 1455, 1621, 1639, 1625, 1511, 1500, 1632
5936, 1364, 1612, 1417, 1527, 1573, 1465, 1637, 1419, 1400, 1555, 1443, 1500, 1626, 1639, 1625, 1510, 1517, 1627
5985, 1361, 1611, 1407, 1508, 1583, 1476, 1639, 1409, 1406, 1538, 1435, 1512, 1629, 1637, 1626, 1509, 1535, 1620
6033, 1360, 1610, 1399, 1490, 1591, 1487, 1639, 1399, 1414, 1521, 1427, 1524, 1633, 1635, 1626, 1507, 1552, 1612
6081, 1360, 1609, 1391, 1471, 1599, 1500, 1639, 1390, 1421, 1502, 1419, 1536, 1635, 1631, 1627, 1506, 1568, 1603
6130, 1362, 1608, 1384, 1453, 1607, 1517, 1637, 1382, 1430, 1484, 1412, 1548, 1637, 1627, 1627, 1504, 1583, 1592
6179, 1366, 1607, 1377, 1436, 1614, 1535, 1634, 1375, 1438, 1466, 1405, 1560, 1639, 1622, 1628, 1503, 1597, 1581
6227, 1372, 1606, 1372, 1420, 1620, 1551, 1630, 1370, 1447, 1449, 1398, 1571, 1639, 1616, 1628, 1501, 1609, 1569
6276, 1379, 1605, 1367, 1405, 1625, 1567, 1625, 1365, 1455, 1433, 1392, 1581, 1639, 1610, 1628, 1500, 1619, 1555
6324, 1388, 1604, 1364, 1392, 1630, 1582, 1619, 1362, 1465, 1417, 1386, 1591, 1639, 1603, 1629, 1499, 1627, 1542
6372, 1398, 1603, 1361, 1381, 1633, 1596, 1612, 1360, 1474, 1403, 1381, 1600, 1638, 1595, 1629, 1497, 1634, 1527
6421, 1410, 1601, 1360, 1372, 1636, 1608, 1604, 1360, 1483, 1391, 1376, 1608, 1636, 1586, 1630, 1496, 1638, 1513
6469, 1422, 1600, 1360, 1366, 1638, 1618, 1595, 1360, 1500, 1380, 1372, 1616, 1634, 1577, 1630, 1494, 1639, 1498
6518, 1436, 1599, 1360, 1361, 1639, 1627, 1585, 1362, 1516, 1372, 1369, 1622, 1631, 1568, 1630, 1493, 1639, 1484
6567, 1450, 1598, 1362, 1360, 1639, 1633, 1574, 1365, 1532, 1365, 1366, 1628, 1628, 1558, 1631, 1491, 1636, 1469
6615, 1465, 1597, 1364, 1360, 1639, 1637, 1563, 1370, 1547, 1361, 1363, 1632, 1624, 1547, 1631, 1490, 1631, 1455
6663, 1480, 1595, 1368, 1363, 1637, 1639, 1551, 1376, 1562, 1360, 1361, 1636, 1620, 1537, 1632, 1489, 1624, 1441
6712, 1500, 1594, 1372, 1369, 1635, 1639, 1539, 1382, 1577, 1360, 1360, 1638, 1615, 1526, 1632, 1487, 1615, 1428
6760, 1516, 1593, 1378, 1377, 1632, 1637, 1527, 1390, 1590, 1363, 1360, 1639, 1609, 1515, 1632, 1486, 1604, 1416
6809, 1533, 1592, 1384, 1387, 1628, 1632, 1514, 1399, 1601, 1368, 1360, 1639, 1603, 1504, 1633, 1484, 1591, 1405
6857, 1549, 1590, 1392, 1399, 1623, 1625, 1501, 1409, 1612, 1376, 1360, 1639, 1597, 1492, 1633, 1483, 1577, 1394
6906, 1565, 1589, 1400, 1413, 1617, 1617, 1488, 1420, 1621, 1385, 1361, 1636, 1590, 1481, 1633, 1482, 1561, 1385
6955, 1579, 1588, 1408, 1429, 1611, 1606, 1475, 1431, 1628, 1397, 1363, 1633, 1583, 1470, 1634, 1480, 1545, 1377
7003, 1593, 1587, 1418, 1446, 1604, 1594, 1463, 1443, 1634, 1410, 1365, 1629, 1575, 1459, 1634, 1479, 1528, 1371
7051, 1605, 1585, 1428, 1463, 1596, 1580, 1450, 1456, 1637, 1425, 1368, 1624, 1567, 1449, 1634, 1477, 1510, 1366
7100, 1615, 1584, 1439, 1500, 1588, 1565, 1439, 1469, 1639, 1441, 1372, 1618, 1559, 1439, 1634, 1476, 1492, 1362
7148, 1624, 1583, 1450, 1518, 1579, 1549, 1427, 1482, 1639, 1458, 1376, 1611, 1550, 1429, 1635, 1474, 1474, 1360
7196, 1631, 1581, 1461, 1536, 1569, 1532, 1417, 1500, 1637, 1476, 1381, 1603, 1542, 1419, 1635, 1473, 1457, 1360
7246, 1636, 1580, 1473, 1553, 1559, 1514, 1407, 1526, 1634, 1500, 1386, 1594, 1533, 1410, 1635, 1472, 1440, 1360
7294, 1639, 1578, 1485, 1569, 1549, 1497, 1397, 1552, 1628, 1531, 1391, 1584, 1524, 1402, 1636, 1470, 1425, 1363
7342, 1639, 1577, 1500, 1585, 1539, 1479, 1389, 1576, 1621, 1561, 1397, 1574, 1514, 1394, 1636, 1469, 1410, 1367
7391, 1638, 1576, 1527, 1598, 1528, 1462, 1381, 1597, 1612, 1588, 1404, 1563, 1505, 1387, 1636, 1468, 1397, 1372
7439, 1635, 1574, 1553, 1610, 1517, 1445, 1375, 1615, 1601, 1610, 1411, 1552, 1496, 1381, 1636, 1466, 1386, 1379
7487, 1630, 1573, 1578, 1621, 1506, 1429, 1370, 1628, 1589, 1627, 1418, 1540, 1487, 1375, 1636, 1465, 1376, 1388
7536, 1623, 1571, 1599, 1629, 1495, 1414, 1365, 1636, 1576, 1637, 1426, 1528, 1478, 1371, 1637, 1463, 1369, 1397
7585, 1614, 1570, 1616, 1635, 1484, 1401, 1362, 1639, 1562, 1639, 1434, 1516, 1469, 1367, 1637, 1462, 1364, 1408
7634, 1604, 1568, 1629, 1638, 1473, 1389, 1360, 1638, 1547, 1635, 1442, 1504, 1460, 1364, 1637, 1461, 1360, 1419
7682, 1591, 1567, 1637, 1639, 1462, 1379, 1360, 1631, 1531, 1623, 1451, 1491, 1451, 1361, 1637, 1459, 1360, 1432
7730, 1578, 1566, 1639, 1638, 1451, 1371, 1360, 1619, 1515, 1605, 1459, 1479, 1442, 1360, 1637, 1458, 1361, 1445
7779, 1563, 1564, 1636, 1635, 1441, 1365, 1361, 1603, 1499, 1582, 1468, 1467, 1434, 1360, 1638, 1457, 1365, 1459
7827, 1548, 1563, 1628, 1629, 1431, 1361, 1364, 1582, 1483, 1554, 1477, 1455, 1426, 1360, 1638, 1455, 1370, 1473
8447, 1548, 1563, 1628, 1629, 1431, 1361, 1363, 1582, 1483, 1554, 1476, 1455, 1426, 1360, 1637, 1455, 1369, 1472
8495, 1532, 1562, 1616, 1621, 1421, 1360, 1368, 1558, 1467, 1523, 1485, 1443, 1418, 1360, 1638, 1453, 1376, 1486
8544, 1516, 1561, 1600, 1610, 1412, 1362, 1375, 1531, 1452, 1491, 1495, 1432, 1411, 1360, 1638, 1451, 1384, 1501
8592, 1500, 1560, 1582, 1598, 1404, 1367, 1384, 1503, 1437, 1460, 1504, 1421, 1404, 1360, 1638, 1449, 1394, 1515
8640, 1484, 1558, 1560, 1584, 1396, 1375, 1394, 1475, 1423, 1430, 1513, 1411, 1397, 1361, 1639, 1447, 1405, 1529
8689, 1467, 1557, 1537, 1569, 1389, 1385, 1406, 1448, 1410, 1404, 1522, 1402, 1391, 1362, 1639, 1445, 1417, 1543
8738, 1452, 1556, 1513, 1553, 1382, 1399, 1419, 1423, 1398, 1383, 1531, 1393, 1386, 1363, 1639, 1443, 1430, 1557
8786, 1437, 1555, 1488, 1535, 1376, 1414, 1433, 1401, 1388, 1369, 1540, 1386, 1380, 1365, 1639, 1441, 1444, 1570
8835, 1423, 1554, 1463, 1517, 1371, 1432, 1448, 1383, 1379, 1361, 1549, 1379, 1376, 1366, 1639, 1439, 1459, 1582
8883, 1409, 1553, 1440, 1499, 1367, 1450, 1464, 1370, 1372, 1360, 1557, 1373, 1372, 1368, 1639, 1437, 1474, 1593
8932, 1398, 1552, 1419, 1481, 1364, 1470, 1481, 1362, 1366, 1367, 1565, 1368, 1368, 1370, 1639, 1435, 1490, 1603
8980, 1387, 1551, 1400, 1463, 1362, 1500, 1498, 1360, 1362, 1381, 1573, 1364, 1365, 1373, 1639, 1433, 1505, 1612
9028, 1378, 1550, 1384, 1445, 1360, 1509, 1514, 1363, 1360, 1400, 1581, 1362, 1363, 1375, 1639, 1431, 1521, 1620
9078, 1371, 1549, 1372, 1429, 1360, 1519, 1531, 1371, 1360, 1426, 1588, 1360, 1361, 1378, 1639, 1430, 1536, 1627
9126, 1365, 1548, 1364, 1414, 1360, 1528, 1547, 1385, 1361, 1455, 1595, 1360, 1360, 1381, 1639, 1428, 1551, 1632
9174, 1362, 1547, 1360, 1400, 1361, 1537, 1562, 1403, 1364, 1500, 1602, 1360, 1360, 1384, 1639, 1426, 1565, 1636
9223, 1360, 1546, 1360, 1388, 1363, 1547, 1577, 1425, 1370, 1522, 1608, 1362, 1360, 1387, 1639, 1424, 1579, 1639
9271, 1360, 1545, 1365, 1378, 1366, 1555, 1590, 1451, 1376, 1544, 1613, 1365, 1360, 1390, 1639, 1422, 1591, 1639
9319, 1362, 1544, 1374, 1370, 1370, 1564, 1602, 1500, 1385, 1565, 1618, 1369, 1362, 1394, 1639, 1421, 1602, 1639
9368, 1366, 1543, 1387, 1364, 1375, 1572, 1613, 1513, 1395, 1584, 1623, 1373, 1363, 1397, 1639, 1419, 1612, 1637
9416, 1371, 1542, 1404, 1361, 1380, 1580, 1622, 1527, 1406, 1601, 1627, 1379, 1366, 1401, 1639, 1417, 1621, 1633
9465, 1379, 1541, 1424, 1360, 1386, 1588, 1629, 1541, 1419, 1615, 1631, 1386, 1369, 1405, 1639, 1416, 1628, 1629
9514, 1388, 1540, 1445, 1361, 1393, 1595, 1635, 1554, 1432, 1626, 1633, 1394, 1373, 1410, 1639, 1414, 1633, 1622
9562, 1398, 1539, 1469, 1364, 1401, 1602, 1638, 1566, 1447, 1634, 1636, 1403, 1377, 1414, 1638, 1412, 1637, 1615
9611, 1410, 1537, 1500, 1370, 1409, 1608, 1639, 1578, 1462, 1639, 1638, 1412, 1382, 1418, 1638, 1411, 1639, 1606
9659, 1423, 1536, 1510, 1379, 1418, 1614, 1639, 1589, 1477, 1639, 1639, 1422, 1387, 1423, 1638, 1409, 1639, 1596
9707, 1438, 1535, 1521, 1389, 1428, 1619, 1636, 1599, 1500, 1636, 1639, 1433, 1392, 1428, 1638, 1407, 1638, 1585
9756, 1453, 1534, 1532, 1401, 1438, 1624, 1632, 1609, 1509, 1630, 1639, 1444, 1399, 1433, 1637, 1406, 1635, 1573
9805, 1468, 1533, 1542, 1415, 1448, 1628, 1625, 1617, 1518, 1620, 1639, 1456, 1405, 1438, 1637, 1404, 1630, 1560
9853, 1500, 1532, 1553, 1430, 1458, 1632, 1617, 1624, 1528, 1607, 1638, 1468, 1412, 1443, 1637, 1403, 1623, 1547
9902, 1526, 1531, 1563, 1447, 1469, 1634, 1607, 1630, 1537, 1591, 1636, 1480, 1420, 1448, 1636, 1401, 1615, 1533
9950, 1551, 1530, 1572, 1464, 1480, 1637, 1595, 1634, 1546, 1572, 1633, 1500, 1428, 1453, 1636, 1400, 1605, 1519
9998, 1574, 1529, 1581, 1500, 1500, 1638, 1583, 1637, 1555, 1552, 1630, 1524, 1436, 1458, 1636, 1398, 1594, 1500
10047, 1595, 1528, 1590, 1514, 1512, 1639, 1568, 1639, 1563, 1530, 1627, 1548, 1444, 1464, 1635, 1397, 1582, 1486
10095, 1613, 1527, 1598, 1529, 1525, 1639, 1553, 1639, 1572, 1508, 1623, 1571, 1453, 1469, 1635, 1395, 1569, 1472
10145, 1626, 1525, 1605, 1544, 1538, 1639, 1538, 1639, 1579, 1485, 1618, 1591, 1461, 1475, 1634, 1394, 1555, 1458
10193, 1635, 1524, 1612, 1557, 1550, 1638, 1521, 1636, 1587, 1463, 1613, 1609, 1470, 1480, 1634, 1393, 1540, 1445
10242, 1639, 1523, 1618, 1571, 1562, 1636, 1500, 1633, 1594, 1441, 1608, 1622, 1479, 1486, 1633, 1391, 1525, 1433
10291, 1638, 1522, 1624, 1583, 1573, 1634, 1488, 1628, 1601, 1422, 1602, 1632, 1489, 1491, 1633, 1390, 1500, 1421
10339, 1633, 1521, 1628, 1595, 1584, 1631, 1477, 1621, 1607, 1404, 1595, 1638, 1500, 1500, 1632, 1389, 1480, 1410
10388, 1622, 1520, 1632, 1605, 1594, 1628, 1466, 1614, 1613, 1389, 1588, 1639, 1526, 1534, 1632, 1387, 1461, 1400
10436, 1608, 1519, 1635, 1614, 1603, 1623, 1455, 1605, 1618, 1376, 1581, 1636, 1552, 1566, 1631, 1386, 1443, 1391
10486, 1589, 1518, 1637, 1622, 1612, 1619, 1445, 1596, 1623, 1367, 1573, 1629, 1576, 1594, 1630, 1385, 1426, 1382
10534, 1568, 1517, 1639, 1629, 1619, 1613, 1435, 1585, 1627, 1362, 1565, 1617, 1597, 1617, 1630, 1384, 1410, 1375
10583, 1544, 1515, 1639, 1634, 1625, 1607, 1425, 1574, 1631, 1360, 1557, 1602, 1615, 1632, 1629, 1383, 1396, 1370
10631, 1518, 1514, 1639, 1637, 1630, 1601, 1415, 1562, 1634, 1361, 1548, 1583, 1628, 1639, 1628, 1381, 1384, 1365
10680, 1492, 1513, 1638, 1639, 1634, 1594, 1407, 1549, 1636, 1366, 1540, 1562, 1636, 1638, 1628, 1380, 1374, 1362
10729, 1466, 1512, 1636, 1639, 1637, 1587, 1399, 1536, 1638, 1375, 1531, 1539, 1639, 1628, 1627, 1379, 1367, 1360
10777, 1441, 1511, 1633, 1638, 1639, 1579, 1391, 1522, 1639, 1387, 1522, 1514, 1637, 1610, 1626, 1378, 1362, 1360
10826, 1418, 1510, 1630, 1635, 1639, 1571, 1384, 1508, 1639, 1402, 1513, 1490, 1630, 1585, 1625, 1377, 1360, 1360
10875, 1398, 1509, 1625, 1631, 1639, 1563, 1378, 1494, 1639, 1420, 1500, 1465, 1618, 1556, 1625, 1376, 1360, 1363
10924, 1382, 1508, 1620, 1625, 1637, 1554, 1373, 1480, 1639, 1440, 1481, 1441, 1602, 1522, 1624, 1375, 1363, 1366
10972, 1370, 1507, 1614, 1618, 1634, 1545, 1369, 1467, 1637, 1461, 1462, 1420, 1581, 1488, 1623, 1374, 1369, 1371
11021, 1362, 1505, 1608, 1609, 1630, 1536, 1365, 1453, 1635, 1500, 1444, 1401, 1558, 1454, 1622, 1373, 1377, 1377
11070, 1360, 1504, 1600, 1600, 1624, 1527, 1362, 1441, 1632, 1511, 1427, 1385, 1532, 1423, 1621, 1372, 1388, 1385
11118, 1362, 1503, 1593, 1589, 1618, 1517, 1361, 1428, 1629, 1523, 1412, 1372, 1506, 1396, 1620, 1371, 1400, 1393
11167, 1369, 1502, 1584, 1577, 1610, 1508, 1360, 1417, 1625, 1534, 1398, 1364, 1479, 1376, 1619, 1371, 1415, 1403
11216, 1381, 1501, 1575, 1564, 1602, 1498, 1360, 1406, 1621, 1545, 1386, 1360, 1452, 1364, 1618, 1370, 1431, 1413
11265, 1396, 1500, 1566, 1550, 1593, 1488, 1360, 1396, 1616, 1556, 1376, 1360, 1428, 1360, 1618, 1369, 1449, 1425
11313, 1416, 1499, 1556, 1536, 1583, 1479, 1362, 1387, 1610, 1566, 1368, 1365, 1406, 1364, 1617, 1368, 1467, 1437
11362, 1438, 1498, 1546, 1521, 1572, 1470, 1365, 1379, 1604, 1576, 1363, 1374, 1388, 1376, 1616, 1368, 1486, 1449
11411, 1463, 1496, 1536, 1506, 1560, 1460, 1368, 1373, 1598, 1586, 1360, 1387, 1374, 1397, 1615, 1367, 1506, 1462
11459, 1500, 1495, 1525, 1491, 1548, 1451, 1373, 1368, 1591, 1595, 1360, 1404, 1364, 1423, 1614, 1366, 1525, 1476
11508, 1523, 1494, 1514, 1477, 1536, 1442, 1378, 1364, 1583, 1603, 1362, 1424, 1360, 1454, 1613, 1366, 1544, 1490
11557, 1546, 1493, 1503, 1462, 1523, 1434, 1384, 1361, 1576, 1610, 1367, 1446, 1361, 1500, 1611, 1365, 1562, 1504
11606, 1568, 1492, 1492, 1448, 1511, 1425, 1391, 1360, 1568, 1617, 1374, 1470, 1367, 1509, 1610, 1364, 1578, 1517
11654, 1587, 1491, 1482, 1434, 1498, 1417, 1398, 1360, 1559, 1623, 1384, 1500, 1378, 1518, 1609, 1364, 1594, 1531
11703, 1604, 1490, 1471, 1422, 1485, 1410, 1406, 1361, 1551, 1628, 1396, 1528, 1393, 1527, 1608, 1363, 1607, 1544
11751, 1618, 1489, 1460, 1410, 1472, 1403, 1415, 1364, 1542, 1632, 1409, 1555, 1413, 1536, 1607, 1363, 1618, 1557
11800, 1629, 1487, 1450, 1399, 1459, 1396, 1424, 1368, 1533, 1635, 1425, 1580, 1436, 1544, 1606, 1362, 1627, 1570
11849, 1636, 1486, 1440, 1389, 1447, 1390, 1434, 1374, 1523, 1638, 1441, 1602, 1461, 1553, 1605, 1362, 1634, 1581
11898, 1639, 1485, 1430, 1380, 1435, 1384, 1444, 1380, 1514, 1639, 1459, 1619, 1500, 1561, 1604, 1362, 1638, 1592
11947, 1638, 1484, 1421, 1373, 1424, 1379, 1455, 1388, 1504, 1639, 1478, 1631, 1511, 1569, 1602, 1361, 1639, 1602
11995, 1634, 1483, 1412, 1368, 1413, 1374, 1465, 1397, 1495, 1639, 1496, 1638, 1523, 1577, 1601, 1361, 1638, 1611
12044, 1625, 1482, 1404, 1363, 1403, 1370, 1477, 1407, 1486, 1637, 1515, 1639, 1535, 1584, 1600, 1361, 1634, 1619
12092, 1613, 1481, 1396, 1361, 1394, 1367, 1488, 1418, 1476, 1635, 1534, 1634, 1546, 1591, 1599, 1360, 1628, 1626
12141, 1597, 1480, 1389, 1360, 1386, 1364, 1499, 1430, 1467, 1631, 1552, 1624, 1557, 1598, 1597, 1360, 1619, 1631
12190, 1579, 1479, 1383, 1360, 1379, 1362, 1510, 1442, 1458, 1627, 1569, 1608, 1567, 1604, 1596, 1360, 1607, 1635
12239, 1558, 1477, 1377, 1362, 1373, 1361, 1521, 1455, 1449, 1622, 1585, 1588, 1577, 1610, 1595, 1360, 1594, 1638
12288, 1536, 1476, 1372, 1366, 1368, 1360, 1532, 1468, 1440, 1616, 1599, 1564, 1587, 1615, 1594, 1360, 1579, 1639
12336, 1513, 1475, 1368, 1371, 1364, 1360, 1543, 1482, 1432, 1609, 1612, 1538, 1596, 1620, 1592, 1360, 1562, 1639
12385, 1489, 1474, 1365, 1377, 1361, 1360, 1554, 1500, 1424, 1601, 1622, 1510, 1604, 1625, 1591, 1360, 1544, 1638
12433, 1466, 1473, 1362, 1385, 1360, 1361, 1564, 1512, 1416, 1593, 1630, 1481, 1612, 1628, 1589, 1360, 1526, 1635
12482, 1443, 1472, 1360, 1395, 1360, 1363, 1574, 1524, 1409, 1584, 1636, 1453, 1618, 1632, 1588, 1360, 1500, 1631
12530, 1423, 1471, 1360, 1405, 1360, 1365, 1583, 1535, 1402, 1574, 1639, 1427, 1624, 1634, 1587, 1360, 1488, 1626
12580, 1404, 1470, 1360, 1417, 1362, 1368, 1592, 1547, 1395, 1564, 1639, 1404, 1629, 1637, 1585, 1360, 1477, 1620
12629, 1388, 1469, 1360, 1429, 1366, 1372, 1600, 1558, 1389, 1554, 1637, 1385, 1633, 1638, 1584, 1360, 1465, 1612
12677, 1375, 1468, 1362, 1443, 1370, 1376, 1607, 1569, 1383, 1543, 1633, 1371, 1636, 1639, 1582, 1360, 1454, 1603
12726, 1366, 1466, 1365, 1457, 1376, 1381, 1614, 1579, 1378, 1532, 1626, 1363, 1638, 1639, 1581, 1360, 1444, 1593
12774, 1361, 1465, 1368, 1471, 1382, 1387, 1620, 1589, 1374, 1520, 1617, 1360, 1639, 1639, 1580, 1360, 1433, 1582
12823, 1360, 1464, 1372, 1500, 1390, 1392, 1626, 1598, 1370, 1509, 1605, 1362, 1639, 1638, 1578, 1360, 1423, 1571
12871, 1362, 1463, 1377, 1517, 1398, 1399, 1630, 1606, 1367, 1497, 1592, 1371, 1639, 1637, 1577, 1361, 1414, 1559
12921, 1369, 1462, 1383, 1534, 1408, 1406, 1634, 1614, 1364, 1486, 1577, 1385, 1637, 1635, 1575, 1361, 1405, 1546
12969, 1379, 1461, 1389, 1551, 1418, 1413, 1637, 1620, 1362, 1474, 1561, 1403, 1634, 1633, 1574, 1361, 1397, 1532
13018, 1393, 1460, 1396, 1567, 1429, 1421, 1638, 1626, 1361, 1463, 1543, 1426, 1630, 1630, 1572, 1362, 1390, 1519
13067, 1410, 1459, 1404, 1582, 1440, 1429, 1639, 1631, 1360, 1452, 1525, 1452, 1625, 1626, 1571, 1362, 1383, 1500
13115, 1429, 1458, 1412, 1595, 1452, 1437, 1639, 1634, 1360, 1441, 1500, 1500, 1620, 1622, 1569, 1362, 1377, 1475
13164, 1450, 1457, 1421, 1607, 1465, 1446, 1639, 1637, 1360, 1431, 1488, 1511, 1613, 1617, 1568, 1363, 1372, 1451
13212, 1473, 1456, 1430, 1618, 1478, 1455, 1637, 1639, 1361, 1421, 1476, 1523, 1606, 1612, 1566, 1363, 1368, 1429
13262, 1500, 1455, 1439, 1626, 1500, 1464, 1634, 1639, 1363, 1411, 1464, 1535, 1598, 1606, 1564, 1364, 1364, 1409
13310, 1512, 1454, 1449, 1633, 1508, 1474, 1631, 1639, 1365, 1403, 1453, 1547, 1589, 1600, 1563, 1364, 1362, 1391
13359, 1525, 1452, 1460, 1637, 1517, 1483, 1626, 1638, 1368, 1395, 1442, 1558, 1580, 1593, 1561, 1365, 1360, 1377
13407, 1537, 1451, 1470, 1639, 1526, 1500, 1621, 1635, 1372, 1387, 1432, 1568, 1570, 1587, 1560, 1365, 1360, 1367
13456, 1550, 1450, 1481, 1639, 1535, 1514, 1615, 1632, 1376, 1381, 1421, 1579, 1560, 1579, 1558, 1366, 1360, 1361
13505, 1561, 1449, 1500, 1637, 1543, 1528, 1609, 1627, 1380, 1375, 1412, 1588, 1549, 1572, 1556, 1367, 1361, 1360
13553, 1573, 1448, 1531, 1633, 1552, 1541, 1601, 1622, 1386, 1370, 1403, 1597, 1538, 1564, 1555, 1367, 1363, 1362
13603, 1583, 1447, 1562, 1626, 1560, 1555, 1593, 1616, 1391, 1366, 1395, 1605, 1526, 1555, 1553, 1368, 1366, 1369
13651, 1593, 1446, 1589, 1618, 1568, 1567, 1584, 1608, 1398, 1363, 1387, 1613, 1514, 1547, 1551, 1369, 1370, 1380
13700, 1602, 1445, 1611, 1607, 1575, 1579, 1575, 1600, 1404, 1361, 1381, 1619, 1503, 1538, 1550, 1370, 1375, 1394
13748, 1611, 1444, 1627, 1595, 1583, 1590, 1565, 1592, 1412, 1360, 1375, 1625, 1491, 1529, 1548, 1370, 1381, 1412
13797, 1618, 1443, 1637, 1582, 1590, 1601, 1555, 1582, 1419, 1360, 1370, 1630, 1479, 1520, 1546, 1371, 1388, 1433
13846, 1624, 1442, 1639, 1567, 1596, 1610, 1545, 1572, 1427, 1360, 1366, 1634, 1467, 1511, 1545, 1372, 1395, 1456
13894, 1629, 1441, 1634, 1551, 1603, 1618, 1534, 1561, 1435, 1362, 1363, 1637, 1456, 1502, 1543, 1373, 1403, 1480
13944, 1634, 1440, 1622, 1535, 1608, 1625, 1523, 1550, 1444, 1365, 1361, 1639, 1445, 1493, 1541, 1374, 1411, 1504
13992, 1637, 1439, 1604, 1517, 1614, 1631, 1512, 1539, 1453, 1368, 1360, 1639, 1434, 1484, 1540, 1375, 1421, 1529
14041, 1639, 1438, 1579, 1500, 1619, 1635, 1500, 1527, 1462, 1373, 1360, 1639, 1424, 1475, 1538, 1376, 1430, 1552
14089, 1639, 1437, 1551, 1482, 1623, 1638, 1484, 1515, 1471, 1378, 1360, 1638, 1415, 1466, 1536, 1377, 1441, 1574
14138, 1639, 1436, 1520, 1465, 1627, 1639, 1468, 1503, 1480, 1384, 1362, 1636, 1405, 1457, 1535, 1378, 1451, 1594
14187, 1638, 1435, 1488, 1448, 1631, 1639, 1452, 1491, 1490, 1392, 1365, 1633, 1397, 1449, 1533, 1379, 1462, 1610
14235, 1635, 1434, 1456, 1432, 1633, 1638, 1438, 1479, 1500, 1399, 1369, 1628, 1389, 1441, 1531, 1380, 1473, 1624
14285, 1631, 1433, 1427, 1417, 1636, 1635, 1424, 1467, 1513, 1408, 1374, 1623, 1382, 1432, 1529, 1381, 1485, 1633
14333, 1626, 1432, 1402, 1404, 1638, 1631, 1411, 1455, 1526, 1417, 1379, 1617, 1376, 1425, 1528, 1382, 1496, 1638
14382, 1620, 1431, 1381, 1392, 1639, 1626, 1399, 1444, 1539, 1426, 1386, 1610, 1371, 1417, 1526, 1383, 1508, 1639
14430, 1613, 1430, 1367, 1381, 1639, 1619, 1388, 1433, 1551, 1437, 1393, 1603, 1367, 1410, 1524, 1385, 1519, 1636
14479, 1605, 1429, 1360, 1373, 1639, 1611, 1379, 1423, 1563, 1447, 1401, 1594, 1364, 1403, 1522, 1386, 1530, 1628
14527, 1596, 1428, 1361, 1366, 1639, 1602, 1372, 1413, 1575, 1458, 1410, 1585, 1361, 1397, 1521, 1387, 1541, 1617
14576, 1586, 1427, 1368, 1362, 1638, 1592, 1366, 1404, 1585, 1469, 1419, 1575, 1360, 1391, 1519, 1388, 1552, 1601
14626, 1576, 1426, 1383, 1360, 1636, 1581, 1362, 1395, 1595, 1481, 1429, 1565, 1360, 1385, 1517, 1390, 1563, 1583
14674, 1565, 1425, 1404, 1360, 1634, 1569, 1360, 1387, 1605, 1500, 1440, 1554, 1360, 1380, 1515, 1391, 1573, 1562
14723, 1553, 1424, 1429, 1362, 1631, 1556, 1360, 1381, 1613, 1509, 1451, 1543, 1362, 1376, 1514, 1392, 1582, 1539
14771, 1541, 1423, 1459, 1366, 1628, 1543, 1361, 1375, 1620, 1518, 1462, 1531, 1364, 1372, 1512, 1394, 1591, 1500
14820, 1529, 1422, 1500, 1373, 1624, 1529, 1364, 1370, 1626, 1527, 1474, 1519, 1368, 1368, 1510, 1395, 1600, 1490
14868, 1516, 1421, 1516, 1381, 1620, 1515, 1369, 1366, 1631, 1536, 1485, 1507, 1372, 1365, 1508, 1396, 1607, 1480
14917, 1504, 1421, 1531, 1391, 1615, 1501, 1376, 1363, 1635, 1545, 1497, 1495, 1378, 1363, 1506, 1398, 1614, 1471
14967, 1491, 1420, 1547, 1403, 1610, 1487, 1384, 1361, 1638, 1554, 1509, 1483, 1384, 1361, 1505, 1399, 1620, 1462
15015, 1478, 1419, 1561, 1417, 1604, 1473, 1394, 1360, 1639, 1562, 1521, 1472, 1391, 1360, 1503, 1401, 1626, 1452
15064, 1465, 1418, 1575, 1432, 1598, 1459, 1405, 1360, 1639, 1570, 1532, 1460, 1399, 1360, 1500, 1402, 1630, 1444
15112, 1453, 1417, 1588, 1448, 1592, 1446, 1418, 1361, 1638, 1578, 1544, 1449, 1407, 1360, 1495, 1404, 1634, 1435
15161, 1441, 1416, 1600, 1464, 1585, 1433, 1431, 1363, 1636, 1585, 1555, 1438, 1417, 1360, 1491, 1405, 1637, 1427
15209, 1430, 1415, 1611, 1482, 1578, 1421, 1446, 1366, 1633, 1593, 1565, 1427, 1426, 1361, 1486, 1407, 1639, 1419
15258, 1419, 1414, 1620, 1500, 1570, 1410, 1461, 1370, 1628, 1599, 1575, 1417, 1437, 1363, 1482, 1408, 1639, 1411
15306, 1409, 1413, 1627, 1511, 1562, 1400, 1476, 1375, 1622, 1606, 1585, 1408, 1447, 1366, 1478, 1410, 1639, 1404
15356, 1400, 1412, 1633, 1522, 1554, 1390, 1492, 1382, 1615, 1611, 1594, 1399, 1459, 1368, 1473, 1412, 1638, 1397
15405, 1391, 1412, 1637, 1533, 1546, 1382, 1508, 1388, 1607, 1617, 1602, 1391, 1470, 1372, 1469, 1413, 1636, 1391
15453, 1383, 1411, 1639, 1543, 1537, 1375, 1524, 1396, 1598, 1621, 1610, 1384, 1482, 1376, 1465, 1415, 1634, 1385
15502, 1377, 1410, 1639, 1554, 1529, 1369, 1540, 1405, 1589, 1626, 1617, 1378, 1500, 1380, 1460, 1417, 1630, 1380
15550, 1371, 1409, 1638, 1564, 1520, 1365, 1555, 1414, 1578, 1629, 1623, 1372, 1509, 1386, 1456, 1418, 1625, 1375
15599, 1367, 1408, 1635, 1574, 1511, 1362, 1569, 1424, 1567, 1633, 1628, 1368, 1519, 1391, 1452, 1420, 1620, 1371
15647, 1363, 1407, 1630, 1583, 1502, 1360, 1583, 1435, 1555, 1635, 1632, 1364, 1528, 1397, 1448, 1422, 1613, 1367
15697, 1361, 1406, 1623, 1592, 1493, 1360, 1595, 1445, 1543, 1637, 1636, 1362, 1538, 1403, 1444, 1424, 1606, 1365
16316, 1361, 1406, 1623, 1591, 1493, 1360, 1594, 1444, 1543, 1636, 1635, 1362, 1537, 1402, 1444, 1423, 1606, 1365
16365, 1360, 1405, 1614, 1600, 1484, 1360, 1605, 1455, 1530, 1638, 1638, 1360, 1547, 1409, 1440, 1425, 1598, 1363
16413, 1360, 1404, 1604, 1607, 1475, 1362, 1615, 1465, 1518, 1639, 1639, 1360, 1557, 1415, 1436, 1428, 1590, 1362
16463, 1361, 1403, 1592, 1614, 1466, 1364, 1623, 1476, 1505, 1639, 1639, 1360, 1566, 1422, 1432, 1430, 1581, 1361
16511, 1363, 1402, 1579, 1621, 1457, 1368, 1629, 1487, 1492, 1639, 1638, 1360, 1575, 1430, 1428, 1432, 1571, 1360
16560, 1366, 1401, 1565, 1626, 1449, 1373, 1634, 1498, 1480, 1639, 1635, 1362, 1583, 1437, 1424, 1434, 1562, 1360
16608, 1371, 1400, 1550, 1630, 1441, 1379, 1638, 1509, 1467, 1638, 1631, 1364, 1591, 1445, 1421, 1436, 1551, 1360
16657, 1376, 1399, 1534, 1634, 1433, 1385, 1639, 1520, 1455, 1636, 1625, 1367, 1599, 1453, 1417, 1438, 1541, 1360
16706, 1382, 1398, 1518, 1637, 1425, 1393, 1639, 1531, 1443, 1634, 1618, 1370, 1606, 1461, 1414, 1440, 1530, 1361
16754, 1390, 1397, 1502, 1639, 1417, 1402, 1637, 1542, 1431, 1632, 1610, 1374, 1612, 1470, 1410, 1442, 1519, 1362
16804, 1398, 1396, 1485, 1639, 1410, 1411, 1634, 1552, 1420, 1629, 1601, 1379, 1618, 1478, 1407, 1445, 1508, 1363
16852, 1406, 1395, 1469, 1639, 1403, 1421, 1629, 1562, 1410, 1625, 1591, 1384, 1623, 1487, 1404, 1447, 1496, 1365
16901, 1416, 1394, 1453, 1638, 1397, 1432, 1622, 1572, 1401, 1621, 1580, 1390, 1628, 1495, 1401, 1449, 1485, 1367
16949, 1426, 1393, 1438, 1636, 1391, 1443, 1614, 1581, 1392, 1617, 1568, 1396, 1631, 1504, 1398, 1451, 1474, 1369
16998, 1437, 1392, 1424, 1633, 1386, 1455, 1604, 1590, 1384, 1612, 1556, 1403, 1634, 1512, 1395, 1454, 1463, 1372
17047, 1448, 1392, 1410, 1629, 1381, 1467, 1593, 1598, 1377, 1606, 1542, 1411, 1637, 1521, 1392, 1456, 1452, 1375
17095, 1460, 1391, 1398, 1625, 1376, 1479, 1581, 1606, 1372, 1601, 1529, 1419, 1638, 1529, 1389, 1458, 1442, 1378
17145, 1472, 1390, 1388, 1619, 1372, 1500, 1568, 1612, 1367, 1595, 1515, 1427, 1639, 1537, 1387, 1460, 1432, 1382
17193, 1484, 1389, 1379, 1613, 1369, 1516, 1554, 1619, 1363, 1588, 1500, 1435, 1639, 1546, 1384, 1463, 1422, 1386
17242, 1500, 1388, 1371, 1606, 1366, 1531, 1539, 1624, 1361, 1582, 1490, 1444, 1639, 1554, 1382, 1465, 1413, 1390
17290, 1511, 1387, 1365, 1598, 1363, 1547, 1524, 1629, 1360, 1575, 1481, 1454, 1637, 1561, 1379, 1467, 1404, 1394
17339, 1522, 1387, 1362, 1589, 1362, 1562, 1500, 1633, 1360, 1567, 1472, 1463, 1635, 1569, 1377, 1470, 1396, 1399
17387, 1533, 1386, 1360, 1580, 1360, 1576, 1487, 1636, 1361, 1560, 1463, 1473, 1632, 1576, 1375, 1472, 1389, 1404
17436, 1544, 1385, 1360, 1570, 1360, 1589, 1475, 1638, 1363, 1552, 1454, 1482, 1629, 1583, 1373, 1474, 1383, 1409
17486, 1554, 1384, 1362, 1560, 1360, 1600, 1463, 1639, 1366, 1544, 1446, 1500, 1625, 1590, 1371, 1477, 1377, 1415
17534, 1565, 1384, 1366, 1550, 1360, 1611, 1452, 1640, 1371, 1536, 1437, 1516, 1620, 1596, 1370, 1479, 1372, 1420
17583, 1574, 1383, 1371, 1539, 1361, 1620, 1440, 1639, 1376, 1528, 1429, 1532, 1614, 1602, 1368, 1481, 1368, 1426
17631, 1584, 1382, 1379, 1527, 1363, 1627, 1430, 1638, 1383, 1519, 1422, 1547, 1608, 1608, 1367, 1484, 1364, 1432
17680, 1592, 1381, 1388, 1516, 1365, 1633, 1419, 1636, 1390, 1511, 1414, 1562, 1601, 1613, 1365, 1486, 1362, 1438
17728, 1601, 1381, 1399, 1500, 1368, 1637, 1410, 1633, 1399, 1500, 1407, 1576, 1594, 1618, 1364, 1489, 1360, 1444
17777, 1608, 1380, 1411, 1488, 1371, 1639, 1401, 1629, 1408, 1469, 1400, 1589, 1586, 1622, 1363, 1491, 1360, 1451
17827, 1615, 1379, 1424, 1478, 1375, 1639, 1392, 1624, 1418, 1440, 1394, 1601, 1577, 1626, 1362, 1493, 1360, 1457
17875, 1621, 1379, 1438, 1467, 1379, 1638, 1385, 1619, 1429, 1414, 1388, 1611, 1569, 1630, 1361, 1496, 1361, 1464
17924, 1626, 1378, 1454, 1456, 1384, 1635, 1378, 1612, 1441, 1392, 1383, 1620, 1559, 1633, 1361, 1498, 1363, 1471
17972, 1630, 1377, 1469, 1446, 1389, 1629, 1373, 1605, 1452, 1375, 1378, 1628, 1550, 1635, 1360, 1501, 1366, 1478
18021, 1634, 1377, 1500, 1436, 1395, 1623, 1368, 1598, 1465, 1364, 1374, 1633, 1540, 1637, 1360, 1503, 1370, 1484
18069, 1637, 1376, 1514, 1426, 1401, 1614, 1364, 1590, 1477, 1360, 1370, 1637, 1530, 1638, 1360, 1505, 1374, 1491
18118, 1639, 1375, 1527, 1417, 1408, 1604, 1362, 1581, 1500, 1362, 1367, 1639, 1520, 1639, 1360, 1508, 1380, 1500
18167, 1639, 1375, 1541, 1408, 1415, 1593, 1360, 1572, 1510, 1371, 1364, 1639, 1510, 1639, 1360, 1510, 1386, 1511
18216, 1639, 1374, 1554, 1400, 1422, 1580, 1360, 1562, 1521, 1386, 1362, 1638, 1500, 1639, 1360, 1512, 1393, 1522
18265, 1638, 1373, 1567, 1393, 1430, 1567, 1360, 1552, 1531, 1407, 1361, 1634, 1472, 1639, 1360, 1515, 1400, 1532
18313, 1637, 1373, 1579, 1386, 1438, 1552, 1362, 1541, 1541, 1432, 1360, 1629, 1446, 1637, 1360, 1517, 1409, 1543
18362, 1634, 1372, 1590, 1380, 1446, 1537, 1364, 1531, 1551, 1460, 1360, 1622, 1422, 1636, 1361, 1520, 1417, 1553
18410, 1630, 1372, 1600, 1375, 1454, 1521, 1368, 1520, 1561, 1490, 1360, 1613, 1401, 1633, 1362, 1522, 1427, 1564
18459, 1626, 1371, 1610, 1370, 1463, 1505, 1373, 1500, 1570, 1521, 1361, 1603, 1384, 1631, 1362, 1524, 1437, 1573
18508, 1621, 1371, 1618, 1366, 1472, 1489, 1378, 1477, 1579, 1551, 1362, 1592, 1371, 1627, 1363, 1527, 1447, 1582
18557, 1614, 1370, 1625, 1363, 1481, 1473, 1385, 1455, 1587, 1578, 1364, 1579, 1363, 1624, 1364, 1529, 1457, 1591
18605, 1608, 1370, 1630, 1361, 1490, 1458, 1392, 1435, 1595, 1601, 1367, 1565, 1360, 1619, 1366, 1531, 1468, 1599
18654, 1600, 1369, 1635, 1360, 1500, 1443, 1400, 1416, 1603, 1620, 1370, 1550, 1362, 1615, 1367, 1534, 1479, 1607
18703, 1592, 1369, 1638, 1360, 1510, 1428, 1409, 1399, 1609, 1632, 1374, 1535, 1369, 1610, 1368, 1536, 1500, 1613
18751, 1583, 1368, 1639, 1360, 1520, 1415, 1419, 1385, 1616, 1639, 1379, 1519, 1381, 1604, 1370, 1538, 1510, 1619
18800, 1574, 1368, 1639, 1361, 1530, 1403, 1429, 1373, 1621, 1638, 1384, 1503, 1398, 1598, 1372, 1541, 1521, 1625
18849, 1564, 1367, 1638, 1363, 1540, 1392, 1440, 1365, 1626, 1631, 1389, 1487, 1419, 1592, 1373, 1543, 1532, 1629
18898, 1554, 1367, 1636, 1366, 1549, 1382, 1451, 1361, 1630, 1618, 1395, 1471, 1442, 1585, 1375, 1545, 1542, 1633
18946, 1543, 1366, 1632, 1370, 1559, 1374, 1463, 1360, 1634, 1599, 1401, 1455, 1468, 1579, 1377, 1547, 1553, 1636
18995, 1532, 1366, 1626, 1375, 1568, 1368, 1475, 1362, 1636, 1575, 1408, 1440, 1495, 1571, 1380, 1550, 1562, 1638
19044, 1521, 1366, 1620, 1380, 1577, 1363, 1487, 1368, 1638, 1548, 1415, 1426, 1522, 1564, 1382, 1552, 1572, 1639
19092, 1510, 1365, 1612, 1387, 1585, 1360, 1499, 1378, 1639, 1500, 1423, 1413, 1548, 1556, 1384, 1554, 1581, 1639
19141, 1499, 1365, 1603, 1393, 1593, 1360, 1511, 1390, 1639, 1476, 1430, 1401, 1573, 1548, 1387, 1556, 1590, 1639
19190, 1488, 1365, 1593, 1401, 1600, 1360, 1523, 1406, 1639, 1453, 1439, 1390, 1594, 1540, 1390, 1558, 1598, 1637
19239, 1476, 1364, 1582, 1409, 1607, 1363, 1535, 1424, 1638, 1432, 1447, 1381, 1612, 1532, 1392, 1561, 1605, 1635
19287, 1465, 1364, 1570, 1418, 1613, 1368, 1547, 1443, 1636, 1413, 1456, 1373, 1626, 1523, 1395, 1563, 1612, 1632
19336, 1454, 1364, 1558, 1427, 1619, 1374, 1558, 1464, 1633, 1396, 1464, 1367, 1635, 1515, 1398, 1565, 1618, 1628
19385, 1444, 1363, 1545, 1436, 1624, 1382, 1569, 1487, 1629, 1381, 1473, 1363, 1639, 1500, 1401, 1567, 1624, 1623
19433, 1434, 1363, 1531, 1446, 1628, 1391, 1580, 1509, 1625, 1370, 1483, 1360, 1638, 1490, 1404, 1569, 1628, 1618
19482, 1424, 1363, 1517, 1457, 1632, 1402, 1589, 1531, 1620, 1363, 1492, 1360, 1632, 1480, 1407, 1571, 1632, 1611
19530, 1415, 1362, 1503, 1467, 1635, 1414, 1598, 1553, 1614, 1360, 1501, 1361, 1620, 1470, 1411, 1573, 1635, 1604
19580, 1406, 1362, 1489, 1478, 1637, 1428, 1606, 1573, 1608, 1360, 1510, 1364, 1604, 1461, 1414, 1575, 1637, 1597
19628, 1398, 1362, 1475, 1489, 1639, 1442, 1614, 1591, 1601, 1365, 1519, 1369, 1584, 1452, 1418, 1577, 1639, 1588
19677, 1390, 1362, 1461, 1500, 1639, 1457, 1621, 1607, 1593, 1373, 1528, 1375, 1561, 1443, 1421, 1579, 1639, 1580
19725, 1384, 1361, 1448, 1511, 1639, 1472, 1626, 1620, 1585, 1384, 1537, 1384, 1536, 1434, 1425, 1581, 1639, 1570
19774, 1378, 1361, 1435, 1522, 1639, 1500, 1631, 1630, 1576, 1399, 1546, 1394, 1500, 1425, 1428, 1583, 1638, 1560
19823, 1373, 1361, 1423, 1533, 1637, 1511, 1635, 1636, 1567, 1417, 1555, 1405, 1490, 1417, 1432, 1585, 1636, 1550
19871, 1368, 1361, 1412, 1543, 1635, 1522, 1637, 1639, 1558, 1437, 1563, 1417, 1482, 1410, 1436, 1587, 1633, 1540
19921, 1365, 1361, 1401, 1554, 1632, 1533, 1639, 1639, 1548, 1459, 1571, 1431, 1473, 1402, 1440, 1589, 1630, 1529
19969, 1362, 1360, 1392, 1564, 1629, 1544, 1639, 1635, 1538, 1482, 1579, 1446, 1464, 1396, 1444, 1591, 1625, 1518
20018, 1360, 1360, 1383, 1573, 1624, 1554, 1639, 1627, 1528, 1505, 1586, 1461, 1455, 1389, 1448, 1592, 1620, 1507
20066, 1360, 1360, 1376, 1582, 1619, 1565, 1637, 1616, 1518, 1528, 1593, 1477, 1447, 1384, 1452, 1594, 1614, 1496
20115, 1360, 1360, 1370, 1591, 1614, 1574, 1635, 1602, 1507, 1551, 1600, 1500, 1439, 1378, 1456, 1596, 1608, 1485
20164, 1361, 1360, 1365, 1599, 1608, 1584, 1631, 1586, 1496, 1572, 1606, 1510, 1431, 1374, 1460, 1598, 1601, 1474
20212, 1363, 1360, 1362, 1607, 1601, 1592, 1627, 1567, 1486, 1591, 1612, 1520, 1423, 1370, 1464, 1599, 1593, 1463
20262, 1365, 1360, 1360, 1613, 1594, 1600, 1621, 1547, 1475, 1607, 1617, 1530, 1415, 1366, 1469, 1601, 1584, 1453
20310, 1369, 1360, 1360, 1619, 1586, 1608, 1614, 1525, 1465, 1621, 1622, 1540, 1408, 1364, 1473, 1603, 1576, 1442
20359, 1374, 1360, 1360, 1625, 1578, 1615, 1607, 1500, 1455, 1631, 1626, 1550, 1402, 1362, 1477, 1604, 1566, 1432
20407, 1379, 1360, 1363, 1629, 1569, 1621, 1599, 1490, 1445, 1637, 1630, 1560, 1396, 1360, 1481, 1606, 1556, 1423
20456, 1385, 1360, 1366, 1633, 1560, 1626, 1590, 1481, 1436, 1639, 1633, 1569, 1390, 1360, 1486, 1607, 1546, 1414
20505, 1392, 1360, 1371, 1636, 1551, 1630, 1580, 1471, 1426, 1638, 1635, 1578, 1384, 1360, 1490, 1609, 1536, 1405
20553, 1399, 1360, 1378, 1638, 1541, 1634, 1570, 1462, 1418, 1633, 1637, 1586, 1379, 1360, 1494, 1610, 1525, 1397
20603, 1408, 1360, 1385, 1639, 1531, 1637, 1559, 1453, 1409, 1624, 1639, 1594, 1375, 1362, 1500, 1612, 1515, 1390
20651, 1416, 1360, 1394, 1639, 1521, 1638, 1548, 1444, 1402, 1611, 1639, 1601, 1371, 1364, 1504, 1613, 1504, 1384
20700, 1426, 1360, 1403, 1639, 1511, 1639, 1536, 1436, 1394, 1596, 1639, 1608, 1368, 1366, 1508, 1615, 1493, 1378
20748, 1436, 1360, 1414, 1638, 1501, 1639, 1524, 1427, 1388, 1577, 1639, 1614, 1365, 1369, 1513, 1616, 1482, 1373
20797, 1446, 1360, 1426, 1635, 1491, 1639, 1512, 1419, 1382, 1557, 1638, 1620, 1363, 1373, 1517, 1617, 1471, 1368
20845, 1456, 1360, 1438, 1632, 1481, 1637, 1500, 1412, 1376, 1535, 1636, 1625, 1361, 1378, 1521, 1619, 1461, 1365
20894, 1467, 1360, 1451, 1628, 1471, 1634, 1487, 1405, 1372, 1500, 1634, 1629, 1360, 1383, 1526, 1620, 1450, 1362
20943, 1478, 1360, 1464, 1624, 1461, 1630, 1474, 1398, 1368, 1481, 1631, 1633, 1360, 1389, 1530, 1621, 1440, 1361
20992, 1500, 1360, 1478, 1618, 1451, 1626, 1462, 1392, 1365, 1463, 1628, 1636, 1360, 1395, 1534, 1622, 1431, 1360
21041, 1531, 1360, 1500, 1612, 1442, 1621, 1449, 1386, 1362, 1445, 1624, 1638, 1360, 1402, 1539, 1623, 1421, 1360
21089, 1562, 1360, 1513, 1605, 1432, 1615, 1438, 1381, 1360, 1429, 1620, 1639, 1361, 1409, 1543, 1624, 1413, 1360
21138, 1589, 1360, 1527, 1598, 1424, 1608, 1427, 1376, 1360, 1413, 1615, 1639, 1363, 1417, 1547, 1625, 1404, 1362
21186, 1611, 1361, 1541, 1589, 1415, 1601, 1416, 1372, 1360, 1400, 1609, 1639, 1366, 1425, 1551, 1626, 1397, 1365
21235, 1627, 1361, 1554, 1581, 1407, 1593, 1406, 1368, 1360, 1387, 1603, 1638, 1368, 1433, 1555, 1627, 1390, 1368
21284, 1637, 1361, 1567, 1572, 1400, 1584, 1397, 1365, 1362, 1377, 1597, 1637, 1372, 1442, 1559, 1628, 1383, 1372
21333, 1639, 1361, 1578, 1562, 1393, 1575, 1389, 1363, 1364, 1369, 1590, 1634, 1376, 1451, 1563, 1629, 1377, 1377
21382, 1635, 1361, 1590, 1552, 1387, 1565, 1381, 1361, 1367, 1364, 1583, 1631, 1380, 1460, 1567, 1630, 1372, 1383
21430, 1623, 1362, 1600, 1542, 1381, 1555, 1375, 1360, 1371, 1360, 1575, 1627, 1385, 1469, 1571, 1631, 1368, 1390
21479, 1604, 1362, 1609, 1531, 1376, 1544, 1370, 1360, 1376, 1360, 1567, 1622, 1391, 1479, 1575, 1632, 1365, 1397
21527, 1580, 1362, 1617, 1520, 1371, 1533, 1365, 1360, 1381, 1361, 1559, 1617, 1397, 1489, 1578, 1633, 1362, 1405
21576, 1552, 1362, 1624, 1500, 1368, 1522, 1362, 1361, 1387, 1365, 1551, 1611, 1403, 1498, 1582, 1633, 1361, 1413
21625, 1521, 1363, 1630, 1468, 1365, 1511, 1360, 1362, 1393, 1371, 1542, 1604, 1410, 1508, 1585, 1634, 1360, 1422
21674, 1489, 1363, 1634, 1438, 1362, 1500, 1360, 1364, 1401, 1380, 1533, 1597, 1417, 1518, 1589, 1635, 1360, 1432
21722, 1458, 1363, 1637, 1411, 1361, 1489, 1360, 1367, 1408, 1391, 1524, 1590, 1424, 1527, 1592, 1635, 1360, 1442
21771, 1428, 1364, 1639, 1389, 1360, 1477, 1361, 1370, 1417, 1403, 1515, 1582, 1432, 1537, 1595, 1636, 1362, 1452
21820, 1403, 1364, 1639, 1372, 1360, 1466, 1364, 1374, 1425, 1418, 1500, 1573, 1440, 1546, 1599, 1636, 1364, 1463
21868, 1382, 1364, 1638, 1362, 1360, 1456, 1368, 1378, 1434, 1433, 1469, 1564, 1448, 1555, 1602, 1637, 1368, 1473
21917, 1368, 1365, 1636, 1360, 1361, 1445, 1373, 1383, 1444, 1450, 1440, 1555, 1457, 1564, 1605, 1637, 1372, 1484
21966, 1360, 1365, 1632, 1364, 1364, 1435, 1379, 1389, 1454, 1468, 1413, 1545, 1466, 1573, 1607, 1638, 1377, 1500
22015, 1360, 1365, 1627, 1375, 1366, 1425, 1386, 1395, 1464, 1486, 1391, 1535, 1474, 1581, 1610, 1638, 1382, 1513
22063, 1368, 1366, 1621, 1393, 1370, 1416, 1394, 1402, 1474, 1505, 1374, 1525, 1483, 1588, 1613, 1638, 1388, 1526
22112, 1382, 1366, 1613, 1416, 1374, 1407, 1402, 1409, 1485, 1523, 1364, 1515, 1492, 1596, 1615, 1639, 1395, 1539
22161, 1402, 1366, 1604, 1443, 1379, 1399, 1412, 1416, 1500, 1541, 1360, 1504, 1501, 1603, 1618, 1639, 1403, 1552
22209, 1428, 1367, 1594, 1474, 1384, 1391, 1422, 1424, 1510, 1559, 1362, 1494, 1510, 1609, 1620, 1639, 1411, 1564
22258, 1457, 1367, 1584, 1505, 1390, 1385, 1433, 1432, 1520, 1575, 1372, 1484, 1519, 1615, 1622, 1639, 1420, 1575
22307, 1500, 1368, 1572, 1537, 1397, 1379, 1445, 1440, 1530, 1590, 1387, 1473, 1528, 1620, 1624, 1639, 1429, 1586
22356, 1513, 1368, 1560, 1566, 1404, 1373, 1457, 1449, 1540, 1603, 1408, 1463, 1537, 1625, 1626, 1639, 1439, 1596
22404, 1526, 1369, 1547, 1592, 1412, 1369, 1469, 1458, 1550, 1615, 1434, 1453, 1545, 1629, 1628, 1639, 1449, 1605
22453, 1539, 1369, 1534, 1614, 1420, 1365, 1482, 1467, 1559, 1624, 1462, 1444, 1554, 1632, 1630, 1639, 1459, 1614
22501, 1552, 1370, 1520, 1629, 1429, 1362, 1494, 1476, 1568, 1631, 1493, 1434, 1562, 1635, 1631, 1639, 1470, 1621
22550, 1564, 1370, 1506, 1638, 1438, 1361, 1507, 1486, 1577, 1636, 1524, 1425, 1570, 1637, 1633, 1639, 1480, 1627
22599, 1575, 1371, 1492, 1639, 1447, 1360, 1520, 1495, 1585, 1639, 1553, 1417, 1578, 1639, 1634, 1639, 1500, 1632
22648, 1586, 1371, 1478, 1634, 1457, 1360, 1532, 1505, 1593, 1639, 1580, 1409, 1585, 1639, 1635, 1639, 1512, 1636
22697, 1596, 1372, 1464, 1621, 1466, 1360, 1545, 1514, 1600, 1637, 1603, 1401, 1592, 1639, 1636, 1639, 1525, 1638
22745, 1606, 1372, 1451, 1602, 1476, 1362, 1557, 1524, 1607, 1632, 1622, 1394, 1598, 1639, 1637, 1639, 1537, 1639
22794, 1614, 1373, 1438, 1578, 1487, 1365, 1568, 1533, 1613, 1625, 1634, 1387, 1605, 1638, 1638, 1638, 1550, 1639
22842, 1621, 1374, 1426, 1550, 1500, 1368, 1579, 1542, 1619, 1616, 1639, 1382, 1610, 1636, 1638, 1638, 1561, 1638
22891, 1627, 1374, 1414, 1500, 1510, 1373, 1589, 1551, 1624, 1605, 1638, 1376, 1616, 1633, 1639, 1638, 1573, 1635
22939, 1632, 1375, 1404, 1475, 1521, 1378, 1598, 1560, 1628, 1592, 1630, 1372, 1620, 1630, 1639, 1637, 1583, 1632
22989, 1636, 1375, 1394, 1450, 1531, 1384, 1607, 1568, 1632, 1577, 1616, 1368, 1625, 1626, 1639, 1637, 1593, 1627
23038, 1638, 1376, 1385, 1428, 1542, 1391, 1615, 1576, 1635, 1561, 1596, 1365, 1628, 1622, 1639, 1636, 1602, 1620
23086, 1639, 1377, 1378, 1408, 1552, 1398, 1622, 1584, 1637, 1544, 1571, 1362, 1632, 1617, 1639, 1636, 1611, 1613
23135, 1639, 1377, 1372, 1390, 1561, 1406, 1627, 1591, 1639, 1526, 1543, 1361, 1634, 1611, 1639, 1635, 1618, 1605
23183, 1638, 1378, 1367, 1376, 1571, 1415, 1632, 1598, 1639, 1500, 1500, 1360, 1637, 1605, 1639, 1635, 1624, 1596
23232, 1635, 1379, 1363, 1367, 1580, 1424, 1636, 1605, 1639, 1487, 1485, 1360, 1638, 1598, 1638, 1634, 1629, 1586
23280, 1631, 1379, 1360, 1361, 1588, 1434, 1638, 1611, 1639, 1475, 1470, 1360, 1639, 1591, 1638, 1633, 1634, 1575
23330, 1626, 1380, 1360, 1360, 1596, 1444, 1639, 1616, 1637, 1463, 1455, 1362, 1639, 1583, 1637, 1632, 1637, 1563
23379, 1620, 1381, 1360, 1363, 1604, 1454, 1639, 1621, 1635, 1451, 1442, 1364, 1639, 1575, 1636, 1632, 1639, 1551
23427, 1613, 1381, 1362, 1370, 1610, 1465, 1638, 1625, 1632, 1440, 1428, 1367, 1639, 1567, 1635, 1631, 1639, 1538
23476, 1604, 1382, 1365, 1382, 1617, 1476, 1636, 1629, 1628, 1429, 1416, 1370, 1637, 1558, 1634, 1630, 1639, 1525
23524, 1595, 1383, 1369, 1398, 1622, 1487, 1633, 1633, 1624, 1419, 1404, 1374, 1635, 1549, 1633, 1629, 1638, 1512
23573, 1585, 1384, 1375, 1416, 1627, 1500, 1628, 1635, 1619, 1409, 1394, 1379, 1633, 1540, 1631, 1628, 1635, 1499
24192, 1585, 1383, 1374, 1415, 1626, 1499, 1628, 1634, 1619, 1409, 1394, 1378, 1633, 1540, 1631, 1628, 1635, 1499
24240, 1574, 1384, 1382, 1435, 1631, 1512, 1621, 1636, 1613, 1399, 1385, 1384, 1630, 1531, 1628, 1626, 1630, 1486
24289, 1563, 1386, 1390, 1458, 1634, 1525, 1614, 1637, 1607, 1391, 1377, 1390, 1628, 1521, 1626, 1625, 1625, 1473
24338, 1551, 1387, 1400, 1481, 1637, 1538, 1605, 1638, 1600, 1383, 1371, 1397, 1625, 1512, 1623, 1624, 1618, 1460
24386, 1538, 1388, 1411, 1506, 1638, 1550, 1596, 1639, 1593, 1377, 1366, 1405, 1621, 1502, 1620, 1623, 1610, 1448
24435, 1526, 1389, 1424, 1529, 1639, 1562, 1585, 1639, 1585, 1371, 1362, 1413, 1618, 1493, 1617, 1622, 1601, 1436
24484, 1513, 1390, 1437, 1553, 1639, 1573, 1574, 1639, 1577, 1367, 1360, 1422, 1614, 1483, 1614, 1621, 1591, 1425
24533, 1500, 1391, 1450, 1574, 1639, 1584, 1562, 1639, 1568, 1363, 1360, 1431, 1610, 1474, 1610, 1619, 1580, 1414
24581, 1487, 1392, 1464, 1593, 1637, 1594, 1549, 1638, 1559, 1361, 1360, 1440, 1605, 1465, 1606, 1618, 1568, 1404
24630, 1474, 1393, 1479, 1610, 1634, 1603, 1536, 1637, 1550, 1360, 1363, 1450, 1601, 1456, 1602, 1617, 1556, 1395
24678, 1461, 1394, 1494, 1623, 1631, 1612, 1522, 1636, 1541, 1360, 1367, 1460, 1596, 1447, 1598, 1615, 1543, 1387
24727, 1449, 1396, 1509, 1632, 1627, 1619, 1508, 1634, 1531, 1361, 1372, 1470, 1591, 1438, 1594, 1614, 1530, 1380
24776, 1437, 1397, 1524, 1638, 1622, 1625, 1494, 1632, 1521, 1363, 1378, 1481, 1585, 1430, 1589, 1612, 1516, 1373
24825, 1425, 1398, 1538, 1639, 1616, 1630, 1480, 1630, 1511, 1366, 1386, 1492, 1580, 1422, 1585, 1611, 1502, 1368
24874, 1415, 1399, 1552, 1637, 1610, 1634, 1467, 1627, 1501, 1371, 1395, 1502, 1574, 1414, 1580, 1609, 1489, 1364
24922, 1405, 1401, 1566, 1630, 1603, 1637, 1453, 1624, 1491, 1376, 1406, 1513, 1568, 1407, 1575, 1608, 1475, 1362
24971, 1395, 1402, 1579, 1619, 1595, 1639, 1440, 1621, 1481, 1383, 1417, 1523, 1562, 1400, 1570, 1606, 1461, 1360
25019, 1387, 1403, 1590, 1605, 1587, 1639, 1428, 1617, 1471, 1390, 1429, 1534, 1556, 1393, 1564, 1605, 1448, 1360
25068, 1380, 1405, 1601, 1588, 1578, 1639, 1416, 1613, 1461, 1399, 1442, 1544, 1549, 1387, 1559, 1603, 1436, 1360
25117, 1374, 1406, 1611, 1568, 1569, 1637, 1406, 1609, 1451, 1408, 1455, 1554, 1543, 1382, 1553, 1601, 1424, 1362
25166, 1368, 1407, 1619, 1545, 1559, 1634, 1396, 1605, 1442, 1418, 1469, 1564, 1536, 1377, 1548, 1599, 1412, 1365
25215, 1364, 1409, 1626, 1500, 1549, 1630, 1387, 1600, 1433, 1428, 1483, 1573, 1529, 1373, 1542, 1598, 1402, 1370
25263, 1362, 1410, 1632, 1490, 1539, 1624, 1379, 1595, 1424, 1440, 1500, 1582, 1523, 1369, 1536, 1596, 1393, 1375
25312, 1360, 1411, 1636, 1480, 1528, 1618, 1373, 1590, 1416, 1451, 1520, 1590, 1516, 1366, 1531, 1594, 1384, 1382
25360, 1360, 1413, 1639, 1470, 1517, 1610, 1367, 1584, 1408, 1463, 1540, 1598, 1509, 1363, 1525, 1592, 1377, 1389
25409, 1360, 1414, 1639, 1460, 1500, 1602, 1364, 1579, 1401, 1476, 1559, 1605, 1502, 1361, 1519, 1590, 1371, 1398
25457, 1362, 1416, 1639, 1451, 1489, 1592, 1361, 1573, 1394, 1500, 1577, 1612, 1495, 1360, 1513, 1588, 1366, 1407
25507, 1366, 1417, 1637, 1442, 1479, 1582, 1360, 1567, 1387, 1512, 1593, 1618, 1488, 1360, 1507, 1586, 1363, 1417
25556, 1370, 1419, 1633, 1433, 1469, 1571, 1360, 1561, 1382, 1524, 1607, 1623, 1481, 1360, 1501, 1584, 1360, 1428
25604, 1375, 1420, 1628, 1425, 1459, 1560, 1361, 1555, 1377, 1536, 1619, 1628, 1474, 1360, 1495, 1582, 1360, 1440
25653, 1382, 1422, 1621, 1416, 1449, 1548, 1364, 1548, 1372, 1548, 1629, 1632, 1468, 1362, 1489, 1580, 1360, 1452
25701, 1390, 1423, 1613, 1409, 1439, 1536, 1368, 1542, 1368, 1560, 1635, 1635, 1461, 1364, 1483, 1578, 1362, 1464
25750, 1398, 1425, 1603, 1401, 1430, 1523, 1374, 1535, 1365, 1571, 1639, 1637, 1454, 1366, 1477, 1576, 1365, 1477
25798, 1408, 1426, 1593, 1395, 1421, 1500, 1381, 1528, 1363, 1581, 1639, 1639, 1448, 1369, 1471, 1574, 1370, 1500
25848, 1418, 1428, 1581, 1388, 1413, 1468, 1389, 1521, 1361, 1591, 1637, 1639, 1441, 1373, 1465, 1572, 1376, 1508
25896, 1429, 1429, 1569, 1383, 1405, 1438, 1398, 1515, 1360, 1600, 1632, 1639, 1435, 1377, 1459, 1570, 1383, 1517
25945, 1440, 1431, 1555, 1377, 1398, 1412, 1408, 1508, 1360, 1608, 1623, 1638, 1429, 1382, 1453, 1567, 1391, 1526
25994, 1453, 1432, 1541, 1373, 1391, 1390, 1419, 1500, 1360, 1616, 1613, 1637, 1423, 1388, 1448, 1565, 1400, 1535
26042, 1465, 1434, 1527, 1369, 1385, 1373, 1430, 1489, 1361, 1622, 1599, 1634, 1417, 1394, 1442, 1563, 1410, 1543
26091, 1478, 1436, 1500, 1366, 1379, 1363, 1443, 1479, 1363, 1628, 1584, 1631, 1412, 1400, 1437, 1561, 1421, 1551
26139, 1500, 1437, 1482, 1363, 1374, 1360, 1456, 1468, 1365, 1632, 1567, 1627, 1407, 1407, 1432, 1558, 1433, 1560
26189, 1515, 1439, 1464, 1361, 1370, 1363, 1469, 1458, 1369, 1636, 1548, 1622, 1402, 1415, 1426, 1556, 1446, 1567
26237, 1530, 1440, 1447, 1360, 1366, 1374, 1483, 1448, 1373, 1638, 1528, 1617, 1397, 1422, 1421, 1554, 1459, 1575
26286, 1545, 1442, 1431, 1360, 1363, 1391, 1500, 1439, 1377, 1639, 1508, 1611, 1392, 1430, 1416, 1551, 1472, 1582
26334, 1559, 1444, 1416, 1360, 1361, 1414, 1511, 1430, 1383, 1639, 1487, 1604, 1388, 1439, 1412, 1549, 1500, 1589
26383, 1572, 1445, 1402, 1361, 1360, 1441, 1523, 1421, 1388, 1638, 1467, 1596, 1384, 1447, 1407, 1547, 1520, 1596
26432, 1585, 1447, 1390, 1362, 1360, 1471, 1535, 1412, 1395, 1636, 1447, 1589, 1380, 1456, 1403, 1544, 1541, 1602
26480, 1597, 1449, 1380, 1364, 1360, 1502, 1546, 1404, 1402, 1633, 1429, 1580, 1377, 1465, 1398, 1542, 1560, 1608
26530, 1607, 1450, 1372, 1367, 1361, 1534, 1557, 1397, 1409, 1629, 1412, 1571, 1373, 1475, 1394, 1540, 1578, 1613
26578, 1616, 1452, 1365, 1371, 1362, 1563, 1568, 1390, 1417, 1624, 1397, 1562, 1371, 1484, 1390, 1537, 1595, 1618
26627, 1624, 1454, 1361, 1375, 1365, 1589, 1578, 1384, 1425, 1618, 1384, 1552, 1368, 1500, 1387, 1535, 1609, 1623
26675, 1630, 1455, 1360, 1380, 1368, 1611, 1587, 1378, 1434, 1610, 1374, 1542, 1366, 1512, 1383, 1532, 1621, 1627
26724, 1635, 1457, 1360, 1386, 1372, 1627, 1596, 1373, 1443, 1602, 1366, 1532, 1364, 1525, 1380, 1530, 1630, 1630
26773, 1638, 1459, 1363, 1392, 1377, 1637, 1605, 1369, 1453, 1593, 1361, 1521, 1362, 1537, 1377, 1527, 1636, 1633
26821, 1639, 1461, 1368, 1398, 1382, 1639, 1612, 1366, 1462, 1584, 1360, 1511, 1361, 1549, 1374, 1525, 1639, 1635
26871, 1639, 1462, 1375, 1405, 1388, 1635, 1619, 1363, 1472, 1574, 1361, 1500, 1360, 1560, 1372, 1522, 1639, 1637
26919, 1637, 1464, 1384, 1413, 1395, 1624, 1624, 1361, 1482, 1563, 1365, 1477, 1360, 1572, 1369, 1520, 1636, 1639
26968, 1634, 1466, 1395, 1421, 1402, 1606, 1629, 1360, 1500, 1551, 1372, 1456, 1360, 1582, 1367, 1517, 1630, 1639
27016, 1629, 1468, 1408, 1429, 1409, 1583, 1633, 1360, 1509, 1540, 1382, 1436, 1360, 1592, 1365, 1515, 1621, 1639
27065, 1622, 1469, 1422, 1438, 1418, 1556, 1636, 1360, 1518, 1528, 1394, 1417, 1360, 1601, 1364, 1512, 1609, 1639
27113, 1614, 1471, 1437, 1447, 1426, 1500, 1638, 1361, 1527, 1515, 1409, 1400, 1361, 1609, 1362, 1510, 1595, 1638
27162, 1604, 1473, 1454, 1456, 1435, 1490, 1639, 1363, 1536, 1503, 1425, 1386, 1362, 1617, 1361, 1507, 1578, 1637
27212, 1593, 1475, 1471, 1466, 1445, 1480, 1639, 1366, 1545, 1490, 1444, 1374, 1364, 1623, 1360, 1505, 1560, 1635
27260, 1582, 1476, 1489, 1475, 1454, 1470, 1638, 1369, 1554, 1478, 1463, 1366, 1365, 1628, 1360, 1502, 1541, 1632
27309, 1569, 1478, 1507, 1485, 1464, 1460, 1636, 1373, 1563, 1466, 1500, 1361, 1368, 1633, 1360, 1500, 1520, 1629
27357, 1555, 1480, 1524, 1495, 1474, 1451, 1633, 1378, 1571, 1454, 1513, 1360, 1370, 1636, 1360, 1497, 1499, 1625
27406, 1541, 1482, 1542, 1505, 1485, 1441, 1629, 1384, 1579, 1442, 1526, 1361, 1373, 1638, 1360, 1495, 1478, 1621
27454, 1526, 1484, 1558, 1515, 1495, 1433, 1625, 1390, 1586, 1431, 1538, 1367, 1376, 1639, 1360, 1492, 1458, 1617
27503, 1511, 1485, 1574, 1524, 1505, 1424, 1619, 1397, 1593, 1420, 1551, 1376, 1379, 1639, 1361, 1490, 1438, 1611
27551, 1495, 1487, 1589, 1534, 1516, 1416, 1612, 1404, 1600, 1410, 1563, 1387, 1383, 1638, 1362, 1487, 1420, 1606
27601, 1480, 1489, 1602, 1544, 1526, 1408, 1605, 1412, 1606, 1401, 1574, 1402, 1387, 1636, 1363, 1485, 1404, 1600
27650, 1465, 1491, 1613, 1553, 1536, 1401, 1597, 1420, 1612, 1393, 1585, 1419, 1391, 1632, 1364, 1482, 1390, 1594
27698, 1450, 1493, 1622, 1562, 1546, 1394, 1588, 1429, 1617, 1385, 1595, 1438, 1396, 1628, 1366, 1480, 1378, 1587
27747, 1436, 1494, 1630, 1571, 1556, 1388, 1578, 1438, 1622, 1378, 1604, 1459, 1401, 1622, 1368, 1477, 1369, 1580
27795, 1423, 1496, 1635, 1579, 1565, 1382, 1568, 1448, 1626, 1373, 1613, 1480, 1406, 1616, 1370, 1475, 1363, 1572
27844, 1411, 1498, 1639, 1587, 1574, 1377, 1557, 1458, 1630, 1368, 1620, 1502, 1411, 1608, 1373, 1472, 1360, 1565
27892, 1399, 1500, 1639, 1594, 1582, 1372, 1546, 1468, 1633, 1364, 1626, 1524, 1417, 1600, 1375, 1470, 1360, 1557
27942, 1389, 1502, 1638, 1601, 1591, 1368, 1535, 1478, 1636, 1361, 1631, 1546, 1422, 1591, 1378, 1467, 1363, 1548
27991, 1381, 1503, 1634, 1608, 1598, 1365, 1523, 1488, 1637, 1360, 1635, 1566, 1428, 1581, 1382, 1465, 1369, 1540
28039, 1373, 1505, 1629, 1614, 1605, 1363, 1512, 1499, 1639, 1360, 1638, 1584, 1434, 1570, 1385, 1462, 1378, 1532
28088, 1367, 1507, 1621, 1619, 1612, 1361, 1500, 1509, 1639, 1360, 1639, 1601, 1440, 1559, 1388, 1460, 1390, 1523
28136, 1363, 1509, 1611, 1624, 1618, 1360, 1488, 1520, 1639, 1362, 1639, 1615, 1447, 1547, 1392, 1458, 1405, 1514
28185, 1360, 1511, 1599, 1628, 1623, 1360, 1476, 1530, 1639, 1365, 1638, 1626, 1453, 1535, 1396, 1455, 1421, 1505
28233, 1360, 1512, 1586, 1632, 1627, 1360, 1465, 1540, 1638, 1369, 1636, 1634, 1460, 1523, 1400, 1453, 1439, 1496
28283, 1360, 1514, 1571, 1635, 1631, 1361, 1453, 1550, 1636, 1374, 1633, 1638, 1466, 1511, 1405, 1450, 1459, 1488
28332, 1363, 1516, 1555, 1637, 1634, 1363, 1442, 1560, 1633, 1380, 1628, 1639, 1473, 1498, 1409, 1448, 1500, 1479
28380, 1367, 1518, 1538, 1638, 1637, 1365, 1432, 1569, 1630, 1387, 1622, 1637, 1480, 1485, 1414, 1446, 1526, 1470
28429, 1372, 1520, 1521, 1639, 1638, 1368, 1421, 1578, 1627, 1394, 1616, 1631, 1487, 1473, 1419, 1443, 1551, 1461
28477, 1379, 1521, 1500, 1639, 1639, 1372, 1412, 1586, 1623, 1403, 1608, 1622, 1500, 1461, 1424, 1441, 1574, 1453
28526, 1388, 1523, 1485, 1639, 1639, 1376, 1403, 1594, 1618, 1413, 1599, 1610, 1532, 1449, 1429, 1439, 1595, 1445
28574, 1398, 1525, 1471, 1638, 1639, 1381, 1395, 1602, 1613, 1423, 1589, 1595, 1564, 1437, 1434, 1437, 1613, 1437
28624, 1409, 1527, 1456, 1636, 1637, 1387, 1387, 1608, 1607, 1433, 1579, 1578, 1591, 1426, 1439, 1434, 1626, 1429
28672, 1421, 1528, 1443, 1633, 1635, 1393, 1380, 1615, 1601, 1445, 1567, 1558, 1613, 1416, 1445, 1432, 1635, 1421
28721, 1434, 1530, 1430, 1630, 1632, 1400, 1375, 1620, 1594, 1456, 1556, 1538, 1629, 1406, 1450, 1430, 1639, 1414
28770, 1448, 1532, 1418, 1626, 1629, 1407, 1370, 1625, 1587, 1468, 1543, 1500, 1638, 1397, 1456, 1428, 1638, 1407
28818, 1462, 1534, 1406, 1621, 1624, 1415, 1366, 1629, 1579, 1481, 1531, 1480, 1639, 1389, 1462, 1426, 1633, 1401
28867, 1477, 1535, 1396, 1616, 1619, 1423, 1363, 1633, 1571, 1500, 1518, 1462, 1632, 1382, 1468, 1424, 1622, 1395
28915, 1500, 1537, 1387, 1610, 1614, 1431, 1361, 1636, 1563, 1513, 1505, 1443, 1617, 1375, 1474, 1421, 1608, 1389
28965, 1530, 1539, 1379, 1604, 1607, 1440, 1360, 1638, 1555, 1525, 1491, 1426, 1596, 1370, 1480, 1419, 1589, 1384
29013, 1559, 1541, 1372, 1597, 1600, 1450, 1360, 1639, 1546, 1538, 1478, 1411, 1570, 1366, 1485, 1417, 1567, 1379
29062, 1585, 1542, 1367, 1590, 1593, 1459, 1361, 1639, 1537, 1551, 1465, 1397, 1539, 1363, 1491, 1415, 1543, 1375
29111, 1607, 1544, 1363, 1582, 1585, 1469, 1363, 1639, 1528, 1562, 1453, 1385, 1507, 1360, 1500, 1413, 1518, 1371
29159, 1624, 1546, 1360, 1574, 1577, 1478, 1365, 1638, 1519, 1574, 1441, 1375, 1473, 1360, 1504, 1411, 1491, 1368
29208, 1635, 1547, 1360, 1565, 1568, 1488, 1369, 1636, 1510, 1585, 1429, 1367, 1442, 1360, 1508, 1409, 1465, 1365
29256, 1639, 1549, 1360, 1556, 1558, 1498, 1374, 1634, 1500, 1595, 1418, 1362, 1413, 1361, 1513, 1407, 1440, 1363
29306, 1637, 1551, 1362, 1547, 1549, 1508, 1380, 1630, 1491, 1604, 1408, 1360, 1390, 1364, 1517, 1406, 1418, 1361
29354, 1628, 1553, 1366, 1538, 1539, 1518, 1387, 1626, 1482, 1612, 1398, 1360, 1372, 1367, 1521, 1404, 1398, 1360
29403, 1613, 1554, 1371, 1528, 1529, 1528, 1394, 1621, 1472, 1619, 1389, 1363, 1362, 1372, 1526, 1402, 1382, 1360
29451, 1592, 1556, 1378, 1518, 1519, 1538, 1402, 1616, 1463, 1625, 1382, 1368, 1360, 1377, 1530, 1400, 1370, 1360
29500, 1567, 1557, 1385, 1500, 1500, 1547, 1411, 1610, 1454, 1631, 1375, 1376, 1365, 1384, 1534, 1398, 1362, 1360
29549, 1538, 1559, 1394, 1478, 1488, 1556, 1421, 1603, 1446, 1635, 1370, 1386, 1378, 1392, 1539, 1397, 1360, 1361
29597, 1508, 1561, 1405, 1456, 1476, 1565, 1431, 1596, 1437, 1637, 1365, 1398, 1398, 1400, 1543, 1395, 1362, 1363
29647, 1477, 1562, 1416, 1436, 1464, 1574, 1441, 1588, 1429, 1639, 1362, 1412, 1423, 1410, 1547, 1393, 1369, 1365
29695, 1448, 1564, 1428, 1417, 1453, 1582, 1452, 1579, 1421, 1639, 1360, 1428, 1453, 1420, 1551, 1392, 1381, 1368
29744, 1420, 1566, 1441, 1400, 1442, 1590, 1464, 1571, 1414, 1639, 1360, 1445, 1500, 1430, 1555, 1390, 1397, 1371
29792, 1397, 1567, 1454, 1386, 1431, 1597, 1475, 1561, 1406, 1637, 1360, 1464, 1521, 1441, 1559, 1388, 1416, 1375
29841, 1379, 1569, 1468, 1374, 1421, 1604, 1487, 1552, 1400, 1633, 1362, 1482, 1542, 1453, 1563, 1387, 1439, 1379
29890, 1366, 1570, 1483, 1366, 1412, 1611, 1500, 1542, 1393, 1629, 1365, 1502, 1562, 1465, 1567, 1385, 1464, 1384
29938, 1360, 1572, 1497, 1361, 1403, 1616, 1511, 1532, 1387, 1624, 1369, 1521, 1581, 1478, 1571, 1384, 1500, 1389
29988, 1361, 1573, 1512, 1360, 1395, 1622, 1523, 1522, 1382, 1617, 1374, 1540, 1598, 1500, 1575, 1383, 1517, 1395
30036, 1368, 1575, 1526, 1361, 1387, 1626, 1535, 1511, 1377, 1609, 1381, 1558, 1612, 1513, 1578, 1381, 1534, 1401
30085, 1382, 1576, 1540, 1367, 1380, 1630, 1546, 1500, 1373, 1601, 1388, 1574, 1624, 1526, 1582, 1380, 1551, 1408
30133, 1401, 1578, 1554, 1375, 1375, 1633, 1557, 1467, 1369, 1591, 1397, 1590, 1632, 1539, 1585, 1379, 1567, 1415
30182, 1425, 1579, 1567, 1387, 1370, 1636, 1568, 1437, 1366, 1581, 1406, 1604, 1637, 1552, 1589, 1377, 1582, 1422
30230, 1453, 1581, 1580, 1401, 1366, 1638, 1578, 1410, 1364, 1570, 1416, 1615, 1639, 1564, 1592, 1376, 1595, 1429
30279, 1500, 1582, 1591, 1418, 1363, 1639, 1588, 1387, 1362, 1559, 1427, 1625, 1638, 1575, 1595, 1375, 1607, 1437
30329, 1514, 1584, 1602, 1437, 1361, 1639, 1597, 1371, 1360, 1547, 1439, 1632, 1633, 1586, 1599, 1374, 1617, 1445
30377, 1529, 1585, 1611, 1458, 1360, 1639, 1605, 1362, 1360, 1534, 1451, 1637, 1626, 1596, 1602, 1373, 1626, 1453
30426, 1543, 1587, 1619, 1479, 1360, 1638, 1613, 1360, 1360, 1521, 1463, 1639, 1615, 1605, 1605, 1372, 1632, 1462
30474, 1556, 1588, 1626, 1501, 1361, 1637, 1619, 1365, 1360, 1508, 1476, 1639, 1601, 1614, 1607, 1371, 1637, 1470
30523, 1570, 1589, 1632, 1523, 1363, 1634, 1625, 1378, 1361, 1495, 1500, 1636, 1585, 1621, 1610, 1370, 1639, 1479
30571, 1582, 1591, 1636, 1544, 1365, 1631, 1630, 1397, 1363, 1482, 1512, 1630, 1566, 1627, 1613, 1369, 1639, 1488
30620, 1593, 1592, 1638, 1565, 1369, 1628, 1634, 1422, 1365, 1470, 1524, 1622, 1546, 1632, 1615, 1368, 1637, 1500
30669, 1604, 1594, 1639, 1583, 1374, 1623, 1637, 1451, 1368, 1457, 1535, 1612, 1525, 1636, 1618, 1367, 1633, 1511
30718, 1613, 1595, 1639, 1600, 1380, 1618, 1639, 1482, 1372, 1445, 1547, 1599, 1504, 1638, 1620, 1366, 1627, 1522
30767, 1621, 1596, 1637, 1614, 1386, 1613, 1639, 1515, 1376, 1433, 1558, 1585, 1482, 1639, 1622, 1366, 1618, 1533
30815, 1627, 1597, 1634, 1625, 1394, 1607, 1639, 1547, 1381, 1422, 1569, 1569, 1461, 1639, 1624, 1365, 1608, 1544
30864, 1633, 1599, 1629, 1633, 1402, 1600, 1638, 1576, 1386, 1411, 1579, 1552, 1440, 1638, 1626, 1364, 1596, 1555
30912, 1636, 1600, 1623, 1638, 1411, 1593, 1636, 1601, 1392, 1402, 1589, 1533, 1421, 1636, 1628, 1364, 1583, 1565
30961, 1639, 1601, 1615, 1639, 1420, 1585, 1633, 1620, 1398, 1393, 1598, 1500, 1404, 1632, 1630, 1363, 1568, 1575
31010, 1640, 1602, 1606, 1637, 1430, 1577, 1629, 1633, 1405, 1385, 1606, 1490, 1390, 1627, 1631, 1362, 1552, 1584
31059, 1639, 1604, 1596, 1632, 1441, 1569, 1624, 1639, 1412, 1378, 1614, 1481, 1378, 1621, 1633, 1362, 1535, 1593
31107, 1636, 1605, 1585, 1623, 1452, 1560, 1618, 1638, 1419, 1372, 1620, 1471, 1368, 1614, 1634, 1361, 1518, 1601
31156, 1633, 1606, 1573, 1611, 1463, 1551, 1611, 1629, 1427, 1367, 1626, 1462, 1362, 1605, 1635, 1361, 1501, 1608
31205, 1627, 1607, 1560, 1596, 1475, 1541, 1603, 1613, 1435, 1363, 1631, 1453, 1360, 1596, 1636, 1361, 1483, 1615
31253, 1621, 1608, 1547, 1579, 1486, 1532, 1595, 1591, 1443, 1361, 1634, 1445, 1360, 1586, 1637, 1360, 1466, 1621
31302, 1613, 1609, 1533, 1560, 1498, 1522, 1586, 1564, 1452, 1360, 1637, 1436, 1364, 1575, 1638, 1360, 1449, 1626
31351, 1603, 1611, 1518, 1540, 1510, 1512, 1576, 1533, 1461, 1360, 1639, 1428, 1372, 1564, 1638, 1360, 1433, 1631
31400, 1593, 1612, 1500, 1500, 1522, 1500, 1566, 1500, 1470, 1361, 1639, 1420, 1382, 1552, 1639, 1360, 1418, 1634
31448, 1582, 1613, 1484, 1488, 1534, 1482, 1555, 1487, 1479, 1363, 1639, 1412, 1395, 1539, 1639, 1360, 1405, 1637
32067, 1582, 1612, 1484, 1488, 1533, 1482, 1555, 1487, 1478, 1362, 1638, 1412, 1394, 1539, 1638, 1500, 1405, 1636
32116, 1570, 1613, 1468, 1476, 1545, 1464, 1543, 1474, 1487, 1365, 1639, 1404, 1410, 1525, 1639, 1473, 1393, 1638
32166, 1557, 1614, 1453, 1464, 1556, 1447, 1532, 1461, 1497, 1370, 1639, 1397, 1427, 1512, 1639, 1448, 1383, 1639
32214, 1544, 1615, 1438, 1453, 1567, 1431, 1520, 1449, 1506, 1375, 1639, 1391, 1446, 1498, 1639, 1424, 1375, 1639
32263, 1531, 1616, 1424, 1442, 1578, 1416, 1508, 1437, 1515, 1381, 1639, 1385, 1467, 1484, 1639, 1403, 1368, 1638
32311, 1517, 1617, 1411, 1431, 1588, 1402, 1495, 1426, 1524, 1388, 1639, 1379, 1488, 1471, 1639, 1386, 1363, 1636
32360, 1503, 1618, 1399, 1421, 1597, 1390, 1483, 1415, 1533, 1395, 1639, 1374, 1510, 1458, 1639, 1372, 1360, 1633
32408, 1489, 1619, 1389, 1411, 1605, 1380, 1471, 1405, 1542, 1404, 1639, 1370, 1531, 1445, 1639, 1364, 1360, 1629
32457, 1475, 1620, 1380, 1402, 1613, 1371, 1459, 1396, 1550, 1413, 1639, 1367, 1552, 1432, 1639, 1360, 1361, 1624
32507, 1461, 1621, 1372, 1394, 1620, 1365, 1448, 1387, 1559, 1423, 1638, 1364, 1571, 1421, 1639, 1361, 1364, 1617
32555, 1448, 1622, 1366, 1386, 1625, 1361, 1437, 1380, 1567, 1434, 1637, 1362, 1589, 1410, 1639, 1367, 1369, 1611
32604, 1435, 1622, 1362, 1380, 1630, 1360, 1426, 1374, 1575, 1445, 1637, 1360, 1604, 1399, 1639, 1378, 1376, 1603
32652, 1423, 1623, 1360, 1374, 1634, 1360, 1416, 1369, 1582, 1457, 1636, 1360, 1617, 1390, 1639, 1393, 1385, 1594
32701, 1411, 1624, 1360, 1369, 1637, 1363, 1406, 1365, 1589, 1468, 1635, 1360, 1628, 1382, 1639, 1412, 1395, 1585
32749, 1401, 1625, 1361, 1365, 1639, 1368, 1398, 1362, 1596, 1480, 1634, 1360, 1635, 1375, 1639, 1434, 1407, 1575
32798, 1391, 1625, 1364, 1362, 1639, 1376, 1390, 1360, 1603, 1493, 1633, 1362, 1639, 1370, 1638, 1459, 1421, 1565
32848, 1383, 1626, 1369, 1360, 1639, 1385, 1383, 1360, 1609, 1505, 1631, 1364, 1639, 1365, 1638, 1485, 1435, 1554
32896, 1376, 1627, 1376, 1360, 1638, 1397, 1376, 1360, 1614, 1517, 1630, 1367, 1637, 1362, 1638, 1511, 1450, 1542
32945, 1370, 1628, 1384, 1360, 1635, 1410, 1371, 1362, 1619, 1529, 1628, 1370, 1631, 1360, 1637, 1538, 1467, 1531
32993, 1365, 1628, 1394, 1361, 1632, 1424, 1367, 1365, 1624, 1541, 1627, 1374, 1621, 1360, 1637, 1562, 1500, 1519
33042, 1362, 1629, 1405, 1363, 1627, 1440, 1363, 1369, 1628, 1553, 1625, 1379, 1609, 1360, 1636, 1585, 1510, 1500
33090, 1360, 1630, 1418, 1366, 1622, 1457, 1361, 1375, 1631, 1564, 1623, 1385, 1595, 1363, 1636, 1604, 1520, 1490
33139, 1360, 1630, 1431, 1371, 1615, 1475, 1360, 1381, 1634, 1575, 1621, 1391, 1578, 1366, 1635, 1620, 1530, 1480
33188, 1360, 1631, 1446, 1376, 1608, 1500, 1360, 1389, 1636, 1585, 1619, 1397, 1559, 1371, 1635, 1631, 1540, 1471
33237, 1363, 1631, 1461, 1382, 1600, 1519, 1360, 1397, 1638, 1594, 1617, 1404, 1539, 1377, 1634, 1638, 1550, 1461
33286, 1367, 1632, 1476, 1389, 1591, 1539, 1362, 1407, 1639, 1603, 1614, 1412, 1500, 1384, 1634, 1639, 1560, 1452
33334, 1372, 1632, 1500, 1397, 1581, 1557, 1365, 1417, 1639, 1611, 1612, 1420, 1488, 1392, 1633, 1636, 1569, 1443
33383, 1378, 1633, 1510, 1405, 1571, 1575, 1369, 1428, 1639, 1618, 1609, 1428, 1476, 1402, 1632, 1628, 1578, 1434
33431, 1386, 1633, 1520, 1414, 1560, 1591, 1374, 1439, 1639, 1624, 1607, 1437, 1464, 1412, 1631, 1615, 1586, 1426
33480, 1395, 1634, 1530, 1424, 1549, 1605, 1380, 1451, 1637, 1629, 1604, 1446, 1453, 1423, 1631, 1598, 1594, 1418
33529, 1404, 1634, 1540, 1434, 1537, 1617, 1387, 1463, 1636, 1633, 1601, 1456, 1442, 1435, 1630, 1577, 1602, 1410
33578, 1415, 1635, 1549, 1445, 1525, 1626, 1395, 1476, 1633, 1636, 1598, 1465, 1431, 1447, 1629, 1554, 1608, 1403
33627, 1427, 1635, 1559, 1457, 1513, 1634, 1403, 1500, 1630, 1638, 1596, 1475, 1421, 1460, 1628, 1529, 1615, 1396
33675, 1439, 1636, 1568, 1468, 1500, 1638, 1412, 1514, 1626, 1639, 1593, 1485, 1411, 1474, 1627, 1500, 1620, 1390
33724, 1452, 1636, 1576, 1480, 1469, 1639, 1422, 1529, 1622, 1639, 1589, 1500, 1402, 1500, 1626, 1473, 1625, 1384
33772, 1466, 1636, 1585, 1500, 1439, 1638, 1433, 1543, 1618, 1638, 1586, 1513, 1394, 1527, 1625, 1448, 1629, 1379
33821, 1480, 1637, 1593, 1527, 1413, 1634, 1444, 1557, 1613, 1636, 1583, 1527, 1387, 1553, 1624, 1424, 1633, 1374
33870, 1500, 1637, 1600, 1553, 1390, 1627, 1455, 1570, 1607, 1633, 1580, 1540, 1380, 1578, 1623, 1403, 1636, 1370
33919, 1516, 1637, 1607, 1577, 1374, 1618, 1467, 1583, 1601, 1628, 1576, 1553, 1374, 1599, 1622, 1386, 1638, 1367
33967, 1533, 1638, 1613, 1598, 1363, 1606, 1479, 1594, 1594, 1623, 1573, 1566, 1369, 1616, 1621, 1372, 1639, 1364
34016, 1549, 1638, 1619, 1615, 1360, 1593, 1500, 1605, 1587, 1617, 1569, 1578, 1365, 1629, 1620, 1364, 1639, 1362
34065, 1564, 1638, 1624, 1628, 1363, 1577, 1510, 1614, 1580, 1610, 1566, 1589, 1362, 1637, 1618, 1360, 1639, 1360
34113, 1579, 1638, 1628, 1637, 1373, 1560, 1521, 1622, 1572, 1602, 1562, 1599, 1361, 1639, 1617, 1361, 1638, 1360
34162, 1592, 1639, 1632, 1639, 1389, 1541, 1532, 1628, 1564, 1593, 1558, 1608, 1360, 1636, 1616, 1367, 1636, 1360
34211, 1604, 1639, 1635, 1637, 1411, 1522, 1543, 1633, 1556, 1584, 1555, 1616, 1360, 1628, 1614, 1378, 1634, 1360
34260, 1614, 1639, 1637, 1630, 1437, 1502, 1553, 1637, 1548, 1573, 1551, 1623, 1361, 1615, 1613, 1393, 1631, 1361
34308, 1623, 1639, 1639, 1617, 1466, 1482, 1563, 1639, 1539, 1563, 1547, 1629, 1363, 1597, 1612, 1412, 1627, 1363
34357, 1630, 1639, 1639, 1600, 1497, 1463, 1572, 1639, 1530, 1552, 1543, 1634, 1366, 1575, 1610, 1434, 1622, 1366
34406, 1635, 1639, 1639, 1579, 1528, 1444, 1581, 1638, 1521, 1540, 1539, 1637, 1370, 1551, 1609, 1459, 1616, 1369
34454, 1638, 1639, 1639, 1556, 1558, 1426, 1590, 1636, 1512, 1528, 1535, 1639, 1375, 1524, 1607, 1485, 1610, 1373
34503, 1639, 1639, 1637, 1530, 1585, 1410, 1598, 1631, 1500, 1516, 1531, 1639, 1381, 1497, 1606, 1511, 1604, 1377
34552, 1639, 1639, 1635, 1503, 1607, 1396, 1605, 1626, 1484, 1500, 1527, 1639, 1388, 1469, 1604, 1538, 1597, 1382
34601, 1636, 1639, 1632, 1475, 1624, 1384, 1612, 1619, 1468, 1485, 1523, 1637, 1395, 1443, 1603, 1562, 1589, 1388
34649, 1631, 1639, 1629, 1449, 1635, 1374, 1618, 1610, 1453, 1470, 1519, 1633, 1404, 1419, 1601, 1585, 1581, 1394
34698, 1624, 1639, 1625, 1425, 1639, 1366, 1624, 1600, 1438, 1456, 1515, 1628, 1413, 1398, 1600, 1604, 1572, 1401
34746, 1616, 1639, 1620, 1403, 1637, 1361, 1628, 1590, 1425, 1442, 1511, 1622, 1422, 1381, 1598, 1620, 1563, 1408
34795, 1606, 1639, 1614, 1385, 1627, 1360, 1632, 1578, 1412, 1429, 1507, 1615, 1433, 1369, 1596, 1631, 1553, 1415
34844, 1594, 1639, 1608, 1372, 1611, 1360, 1635, 1565, 1400, 1416, 1500, 1607, 1443, 1361, 1595, 1638, 1544, 1423
34893, 1581, 1639, 1601, 1363, 1590, 1364, 1638, 1551, 1390, 1405, 1480, 1598, 1454, 1360, 1593, 1639, 1534, 1432
34942, 1567, 1639, 1594, 1360, 1564, 1371, 1639, 1537, 1380, 1394, 1462, 1587, 1466, 1363, 1591, 1636, 1523, 1440
34990, 1552, 1639, 1586, 1361, 1535, 1380, 1639, 1523, 1373, 1385, 1444, 1576, 1478, 1372, 1590, 1628, 1513, 1449
35039, 1536, 1639, 1578, 1368, 1500, 1391, 1639, 1508, 1367, 1377, 1427, 1564, 1490, 1386, 1588, 1615, 1503, 1458
35087, 1519, 1639, 1569, 1380, 1468, 1405, 1638, 1493, 1363, 1371, 1411, 1552, 1501, 1404, 1586, 1598, 1492, 1468
35136, 1503, 1638, 1560, 1397, 1439, 1420, 1636, 1478, 1360, 1366, 1397, 1539, 1513, 1426, 1584, 1577, 1482, 1477
35185, 1486, 1638, 1551, 1417, 1412, 1437, 1633, 1464, 1360, 1362, 1385, 1525, 1525, 1451, 1582, 1554, 1472, 1487
35234, 1469, 1638, 1541, 1441, 1390, 1456, 1629, 1450, 1361, 1360, 1375, 1512, 1537, 1500, 1580, 1529, 1462, 1497
35283, 1453, 1638, 1532, 1466, 1374, 1475, 1625, 1436, 1363, 1360, 1368, 1498, 1548, 1513, 1579, 1500, 1452, 1506
35331, 1438, 1637, 1522, 1500, 1363, 1500, 1620, 1423, 1368, 1361, 1363, 1484, 1559, 1527, 1577, 1473, 1442, 1516
35380, 1423, 1637, 1511, 1512, 1360, 1510, 1614, 1411, 1374, 1363, 1360, 1470, 1570, 1540, 1575, 1448, 1433, 1526
35428, 1410, 1637, 1501, 1525, 1363, 1521, 1607, 1400, 1382, 1368, 1360, 1457, 1580, 1553, 1573, 1424, 1424, 1535
35477, 1397, 1636, 1491, 1537, 1373, 1532, 1600, 1390, 1391, 1373, 1362, 1444, 1589, 1566, 1571, 1403, 1415, 1544
35525, 1387, 1636, 1481, 1549, 1390, 1542, 1592, 1382, 1402, 1381, 1367, 1432, 1598, 1578, 1569, 1386, 1407, 1554
35575, 1378, 1636, 1471, 1561, 1411, 1552, 1584, 1374, 1414, 1389, 1375, 1420, 1606, 1589, 1567, 1372, 1400, 1562
35624, 1370, 1635, 1461, 1572, 1438, 1562, 1575, 1368, 1427, 1399, 1385, 1409, 1614, 1599, 1565, 1364, 1393, 1571
35672, 1365, 1635, 1451, 1583, 1467, 1572, 1565, 1364, 1441, 1410, 1397, 1399, 1620, 1608, 1563, 1360, 1386, 1579
35721, 1361, 1634, 1442, 1593, 1498, 1581, 1555, 1361, 1456, 1422, 1411, 1390, 1626, 1617, 1560, 1361, 1380, 1587
35769, 1360, 1634, 1433, 1602, 1529, 1590, 1545, 1360, 1471, 1435, 1426, 1382, 1630, 1624, 1558, 1367, 1375, 1594
35818, 1360, 1634, 1424, 1610, 1559, 1598, 1535, 1360, 1486, 1448, 1443, 1375, 1634, 1629, 1556, 1378, 1371, 1601
35866, 1362, 1633, 1416, 1617, 1586, 1605, 1524, 1362, 1502, 1462, 1461, 1369, 1637, 1634, 1554, 1393, 1367, 1608
35916, 1367, 1633, 1408, 1624, 1608, 1612, 1513, 1365, 1518, 1477, 1480, 1365, 1639, 1637, 1552, 1412, 1364, 1613
35965, 1373, 1632, 1400, 1629, 1625, 1618, 1502, 1370, 1534, 1492, 1499, 1362, 1639, 1639, 1550, 1434, 1362, 1619
36013, 1381, 1631, 1393, 1633, 1636, 1623, 1491, 1376, 1549, 1506, 1518, 1360, 1639, 1639, 1548, 1459, 1360, 1624
36062, 1391, 1631, 1387, 1637, 1639, 1628, 1480, 1384, 1563, 1521, 1536, 1360, 1638, 1639, 1546, 1485, 1360, 1628
36110, 1403, 1630, 1381, 1639, 1636, 1632, 1470, 1393, 1577, 1536, 1554, 1360, 1636, 1636, 1543, 1511, 1360, 1631
36159, 1415, 1630, 1376, 1639, 1626, 1635, 1459, 1403, 1589, 1550, 1571, 1363, 1632, 1633, 1541, 1538, 1360, 1634
36207, 1429, 1629, 1372, 1639, 1610, 1637, 1449, 1414, 1601, 1563, 1587, 1366, 1628, 1628, 1539, 1562, 1362, 1637
36257, 1444, 1628, 1368, 1638, 1588, 1639, 1439, 1427, 1611, 1576, 1601, 1371, 1623, 1622, 1537, 1585, 1364, 1638
36305, 1460, 1628, 1365, 1635, 1562, 1639, 1429, 1440, 1620, 1588, 1613, 1377, 1617, 1614, 1534, 1604, 1367, 1639
36354, 1477, 1627, 1362, 1631, 1533, 1639, 1420, 1454, 1627, 1599, 1623, 1385, 1610, 1606, 1532, 1620, 1371, 1639
36403, 1500, 1626, 1361, 1627, 1500, 1638, 1411, 1468, 1633, 1609, 1631, 1393, 1602, 1597, 1530, 1631, 1376, 1639
36451, 1510, 1626, 1360, 1621, 1476, 1636, 1403, 1482, 1637, 1618, 1636, 1403, 1594, 1586, 1528, 1638, 1381, 1638
36500, 1521, 1625, 1360, 1614, 1454, 1634, 1395, 1500, 1639, 1625, 1639, 1413, 1585, 1575, 1525, 1639, 1387, 1636
36548, 1531, 1624, 1360, 1606, 1432, 1630, 1388, 1513, 1639, 1631, 1639, 1424, 1575, 1563, 1523, 1636, 1393, 1634
36598, 1541, 1623, 1361, 1597, 1413, 1626, 1382, 1527, 1638, 1635, 1637, 1436, 1565, 1550, 1521, 1628, 1400, 1631
36646, 1551, 1623, 1363, 1588, 1396, 1621, 1376, 1541, 1635, 1638, 1632, 1449, 1554, 1537, 1519, 1615, 1408, 1627
36695, 1561, 1622, 1366, 1578, 1382, 1615, 1372, 1554, 1630, 1639, 1625, 1462, 1543, 1523, 1516, 1598, 1416, 1623
36744, 1570, 1621, 1370, 1567, 1371, 1608, 1368, 1566, 1624, 1639, 1615, 1475, 1531, 1510, 1514, 1577, 1424, 1618
36792, 1579, 1620, 1374, 1555, 1363, 1601, 1364, 1578, 1616, 1637, 1603, 1500, 1519, 1496, 1512, 1554, 1433, 1613
36841, 1588, 1619, 1378, 1543, 1360, 1593, 1362, 1589, 1606, 1634, 1589, 1530, 1500, 1482, 1509, 1529, 1443, 1607
36889, 1596, 1618, 1384, 1531, 1360, 1585, 1360, 1599, 1595, 1629, 1574, 1558, 1474, 1468, 1507, 1500, 1452, 1600
36938, 1603, 1617, 1390, 1519, 1364, 1576, 1360, 1609, 1583, 1622, 1557, 1584, 1450, 1455, 1505, 1473, 1462, 1593
36987, 1610, 1617, 1397, 1506, 1372, 1567, 1360, 1617, 1570, 1615, 1539, 1606, 1427, 1442, 1502, 1448, 1472, 1586
37036, 1616, 1616, 1404, 1493, 1384, 1557, 1361, 1624, 1556, 1605, 1520, 1623, 1407, 1430, 1500, 1424, 1483, 1578
37084, 1622, 1615, 1411, 1480, 1399, 1547, 1362, 1629, 1541, 1595, 1500, 1634, 1389, 1418, 1495, 1403, 1500, 1570
37133, 1626, 1614, 1420, 1468, 1416, 1537, 1365, 1634, 1525, 1584, 1490, 1639, 1375, 1407, 1491, 1386, 1523, 1561
37182, 1631, 1613, 1428, 1456, 1436, 1526, 1369, 1637, 1500, 1571, 1480, 1638, 1366, 1397, 1486, 1372, 1546, 1552
37230, 1634, 1612, 1437, 1444, 1458, 1515, 1373, 1639, 1489, 1558, 1470, 1629, 1360, 1388, 1482, 1364, 1567, 1543
37279, 1636, 1611, 1446, 1432, 1480, 1505, 1378, 1639, 1479, 1544, 1461, 1615, 1360, 1381, 1478, 1360, 1587, 1534
37328, 1638, 1610, 1456, 1421, 1504, 1494, 1384, 1639, 1469, 1530, 1451, 1596, 1364, 1374, 1473, 1361, 1604, 1524
37377, 1639, 1609, 1466, 1411, 1527, 1483, 1390, 1636, 1459, 1515, 1442, 1571, 1372, 1368, 1469, 1367, 1618, 1515
37425, 1639, 1608, 1476, 1402, 1549, 1472, 1397, 1633, 1449, 1500, 1434, 1544, 1384, 1364, 1465, 1378, 1629, 1500
37474, 1639, 1607, 1486, 1393, 1570, 1462, 1405, 1628, 1439, 1479, 1425, 1514, 1401, 1361, 1460, 1393, 1636, 1485
37523, 1637, 1605, 1500, 1385, 1589, 1451, 1413, 1622, 1430, 1460, 1417, 1484, 1420, 1360, 1456, 1412, 1639, 1471
37571, 1635, 1604, 1515, 1378, 1606, 1441, 1422, 1614, 1421, 1441, 1409, 1454, 1442, 1360, 1452, 1434, 1639, 1457
37620, 1632, 1603, 1531, 1372, 1620, 1432, 1431, 1606, 1413, 1423, 1402, 1427, 1466, 1361, 1448, 1459, 1634, 1443
37669, 1629, 1602, 1546, 1368, 1630, 1422, 1441, 1596, 1405, 1407, 1395, 1403, 1492, 1363, 1444, 1485, 1626, 1430
37718, 1624, 1601, 1561, 1364, 1637, 1413, 1451, 1586, 1398, 1393, 1389, 1383, 1517, 1367, 1440, 1511, 1614, 1418
37766, 1619, 1600, 1574, 1361, 1639, 1405, 1462, 1574, 1391, 1381, 1383, 1369, 1542, 1373, 1436, 1538, 1599, 1406
37815, 1613, 1599, 1587, 1360, 1638, 1397, 1472, 1562, 1385, 1371, 1378, 1361, 1565, 1379, 1432, 1562, 1581, 1396
37863, 1606, 1597, 1599, 1360, 1633, 1390, 1483, 1549, 1379, 1365, 1373, 1360, 1586, 1387, 1428, 1585, 1561, 1387
37912, 1599, 1596, 1610, 1360, 1625, 1384, 1500, 1536, 1374, 1361, 1370, 1365, 1605, 1395, 1424, 1604, 1539, 1379
37961, 1592, 1595, 1619, 1362, 1613, 1378, 1512, 1523, 1370, 1360, 1366, 1376, 1620, 1405, 1421, 1620, 1516, 1372
38010, 1583, 1594, 1626, 1366, 1598, 1373, 1524, 1509, 1366, 1361, 1364, 1393, 1631, 1416, 1417, 1631, 1492, 1367
38059, 1575, 1592, 1632, 1370, 1580, 1369, 1536, 1495, 1363, 1366, 1362, 1415, 1637, 1427, 1414, 1638, 1469, 1363
38107, 1566, 1591, 1636, 1375, 1559, 1365, 1548, 1481, 1361, 1374, 1360, 1441, 1639, 1439, 1410, 1639, 1447, 1360
38156, 1556, 1590, 1639, 1382, 1538, 1363, 1559, 1468, 1360, 1384, 1360, 1500, 1637, 1452, 1407, 1636, 1426, 1360
38204, 1546, 1589, 1639, 1389, 1500, 1361, 1570, 1454, 1360, 1396, 1360, 1509, 1630, 1466, 1404, 1628, 1407, 1360
38253, 1536, 1587, 1638, 1397, 1490, 1360, 1581, 1441, 1360, 1411, 1360, 1519, 1619, 1479, 1400, 1615, 1391, 1362
38302, 1526, 1586, 1636, 1406, 1481, 1360, 1590, 1429, 1361, 1428, 1362, 1528, 1604, 1500, 1397, 1598, 1377, 1366
38351, 1515, 1585, 1631, 1416, 1472, 1360, 1599, 1417, 1362, 1446, 1364, 1538, 1585, 1515, 1394, 1577, 1368, 1371
38400, 1505, 1583, 1625, 1427, 1463, 1362, 1608, 1407, 1365, 1465, 1367, 1547, 1564, 1531, 1392, 1554, 1362, 1377
38448, 1494, 1582, 1617, 1438, 1454, 1364, 1615, 1397, 1368, 1485, 1370, 1556, 1540, 1546, 1389, 1529, 1360, 1385
38497, 1484, 1581, 1607, 1450, 1446, 1367, 1622, 1388, 1372, 1505, 1374, 1565, 1500, 1560, 1386, 1500, 1361, 1394
38545, 1473, 1579, 1597, 1462, 1437, 1371, 1627, 1380, 1377, 1525, 1379, 1573, 1471, 1574, 1384, 1473, 1367, 1404
38594, 1463, 1578, 1585, 1474, 1429, 1376, 1632, 1373, 1382, 1545, 1384, 1581, 1443, 1587, 1381, 1448, 1376, 1415
38642, 1453, 1577, 1572, 1487, 1421, 1381, 1635, 1368, 1388, 1563, 1390, 1589, 1418, 1598, 1379, 1424, 1389, 1427
38692, 1443, 1575, 1558, 1500, 1414, 1387, 1638, 1364, 1395, 1581, 1396, 1596, 1397, 1609, 1377, 1403, 1405, 1440
38741, 1433, 1574, 1543, 1509, 1407, 1394, 1639, 1361, 1402, 1596, 1403, 1603, 1379, 1618, 1375, 1386, 1424, 1453
38789, 1424, 1572, 1528, 1517, 1400, 1402, 1639, 1360, 1410, 1610, 1410, 1609, 1367, 1625, 1373, 1372, 1445, 1467
38838, 1415, 1571, 1512, 1526, 1394, 1410, 1639, 1360, 1418, 1621, 1418, 1615, 1361, 1631, 1371, 1364, 1467, 1481
38886, 1407, 1569, 1496, 1535, 1388, 1418, 1637, 1361, 1426, 1630, 1426, 1620, 1360, 1636, 1369, 1360, 1500, 1496
38935, 1399, 1568, 1480, 1544, 1383, 1428, 1634, 1364, 1435, 1636, 1435, 1625, 1365, 1639, 1368, 1361, 1512, 1510
38983, 1392, 1566, 1465, 1552, 1378, 1437, 1630, 1368, 1445, 1639, 1444, 1629, 1376, 1639, 1366, 1367, 1524, 1525
39033, 1386, 1565, 1450, 1560, 1373, 1447, 1625, 1373, 1454, 1639, 1453, 1632, 1392, 1639, 1365, 1378, 1536, 1539
39082, 1380, 1563, 1435, 1568, 1370, 1457, 1619, 1380, 1464, 1637, 1462, 1635, 1413, 1636, 1364, 1393, 1547, 1553
39130, 1375, 1562, 1422, 1576, 1367, 1468, 1612, 1387, 1474, 1631, 1472, 1637, 1438, 1632, 1363, 1412, 1559, 1566
39179, 1370, 1560, 1409, 1584, 1364, 1478, 1604, 1396, 1485, 1623, 1481, 1639, 1465, 1626, 1362, 1434, 1569, 1578
39227, 1367, 1559, 1398, 1591, 1362, 1500, 1595, 1406, 1495, 1612, 1491, 1639, 1493, 1619, 1361, 1459, 1580, 1590
39276, 1364, 1557, 1387, 1597, 1361, 1531, 1586, 1417, 1505, 1599, 1501, 1639, 1522, 1610, 1361, 1485, 1589, 1600
39324, 1361, 1556, 1379, 1603, 1360, 1562, 1576, 1429, 1516, 1584, 1511, 1639, 1550, 1599, 1360, 1511, 1598, 1610
